Date,County,Value,LastReportedDate,
2017-07-31,Anderson,181667.9800,2018-04-16
2017-07-31,Bedford,100460.4800,2018-04-16
2017-07-31,Benton,23034.9100,2018-04-16
2017-07-31,Bledsoe,18569.0000,2018-04-16
2017-07-31,Blount,462378.0000,2018-04-16
2017-07-31,Bradley,213580.2600,2018-04-16
2017-07-31,Campbell,75203.4400,2018-04-16
2017-07-31,Cannon,23357.9000,2018-04-16
2017-07-31,Carroll,29451.5900,2018-04-16
2017-07-31,Carter,69816.8300,2018-04-16
2017-07-31,Cheatham,128121.9700,2018-04-16
2017-07-31,Chester,24442.9000,2018-04-16
2017-07-31,Claiborne,38083.6600,2018-04-16
2017-07-31,Clay,33542.4300,2018-04-16
2017-07-31,Cocke,30868.9100,2018-04-16
2017-07-31,Coffee,113106.6300,2018-04-16
2017-07-31,Crockett,13510.1100,2018-04-16
2017-07-31,Cumberland,155550.9800,2018-04-16
2017-07-31,Davidson,4141699.7000,2018-04-16
2017-07-31,Decatur,20254.4000,2018-04-16
2017-07-31,DeKalb,46582.0100,2018-04-16
2017-07-31,Dickson,121064.2500,2018-04-16
2017-07-31,Dyer,68622.6600,2018-04-16
2017-07-31,Fayette,139086.2600,2018-04-16
2017-07-31,Fentress,32545.6800,2018-04-16
2017-07-31,Franklin,90425.6100,2018-04-16
2017-07-31,Gibson,92185.6900,2018-04-16
2017-07-31,Giles,41858.0900,2018-04-16
2017-07-31,Grainger,34980.9800,2018-04-16
2017-07-31,Greene,102786.6000,2018-04-16
2017-07-31,Grundy,15111.5300,2018-04-16
2017-07-31,Hamblen,117248.5700,2018-04-16
2017-07-31,Hamilton,1211619.0000,2018-04-16
2017-07-31,Hancock,4534.8500,2018-04-16
2017-07-31,Hardeman,21052.0000,2018-04-16
2017-07-31,Hardin,57778.8600,2018-04-16
2017-07-31,Hawkins,74121.9600,2018-04-16
2017-07-31,Haywood,11825.7600,2018-04-16
2017-07-31,Henderson,30272.7500,2018-04-16
2017-07-31,Henry,41391.8000,2018-04-16
2017-07-31,Hickman,57140.6600,2018-04-16
2017-07-31,Houston,11591.9500,2018-04-16
2017-07-31,Humphreys,52338.8300,2018-04-16
2017-07-31,Jackson,18071.4100,2018-04-16
2017-07-31,Jefferson,103017.8200,2018-04-16
2017-07-31,Johnson,17458.1600,2018-04-16
2017-07-31,Knox,1743867.0700,2018-04-16
2017-07-31,Lake,6151.2700,2018-04-16
2017-07-31,Lauderdale,19224.2400,2018-04-16
2017-07-31,Lawrence,79067.9900,2018-04-16
2017-07-31,Lewis,19826.2500,2018-04-16
2017-07-31,Lincoln,39683.3000,2018-04-16
2017-07-31,Loudon,191836.0400,2018-04-16
2017-07-31,Macon,37422.9000,2018-04-16
2017-07-31,Madison,191853.1000,2018-04-16
2017-07-31,Marion,52331.8400,2018-04-16
2017-07-31,Marshall,102534.5500,2018-04-16
2017-07-31,Maury,411950.1000,2018-04-16
2017-07-31,McMinn,64356.5000,2018-04-16
2017-07-31,McNairy,14503.0500,2018-04-16
2017-07-31,Meigs,23581.1600,2018-04-16
2017-07-31,Monroe,74469.8800,2018-04-16
2017-07-31,Montgomery,696519.2100,2018-04-16
2017-07-31,Moore,15619.0700,2018-04-16
2017-07-31,Morgan,13157.9200,2018-04-16
2017-07-31,Obion,41430.1100,2018-04-16
2017-07-31,Out of State,727646.6300,2018-04-16
2017-07-31,Overton,37641.2200,2018-04-16
2017-07-31,Perry,26816.8100,2018-04-16
2017-07-31,Pickett,12136.6000,2018-04-16
2017-07-31,Polk,23726.6800,2018-04-16
2017-07-31,Putnam,170426.9500,2018-04-16
2017-07-31,Rhea,40736.3700,2018-04-16
2017-07-31,Roane,71204.6000,2018-04-16
2017-07-31,Robertson,200250.8900,2018-04-16
2017-07-31,Rutherford,1564470.4100,2018-04-16
2017-07-31,Scott,36246.6900,2018-04-16
2017-07-31,Sequatchie,16241.7800,2018-04-16
2017-07-31,Sevier,450629.2100,2018-04-16
2017-07-31,Shelby,2146151.7700,2018-04-16
2017-07-31,Smith,42001.7000,2018-04-16
2017-07-31,Stewart,17242.0400,2018-04-16
2017-07-31,Sullivan,275843.5700,2018-04-16
2017-07-31,Sumner,1063442.8800,2018-04-16
2017-07-31,Tipton,106555.6700,2018-04-16
2017-07-31,Trousdale,26044.9500,2018-04-16
2017-07-31,Unicoi,16329.6100,2018-04-16
2017-07-31,Union,27498.1500,2018-04-16
2017-07-31,VanBuren,16376.4200,2018-04-16
2017-07-31,Warren,71029.0000,2018-04-16
2017-07-31,Washington,288252.2100,2018-04-16
2017-07-31,Wayne,13742.0700,2018-04-16
2017-07-31,Weakley,56739.5500,2018-04-16
2017-07-31,White,42842.1600,2018-04-16
2017-07-31,Williamson,2124758.5200,2018-04-16
2017-07-31,Wilson,686379.4000,2018-04-16
2017-08-31,Anderson,163512.8800,2018-04-16
2017-08-31,Bedford,100685.7800,2018-04-16
2017-08-31,Benton,21010.5600,2018-04-16
2017-08-31,Bledsoe,17216.8600,2018-04-16
2017-08-31,Blount,383974.0000,2018-04-16
2017-08-31,Bradley,198690.7300,2018-04-16
2017-08-31,Campbell,51988.6900,2018-04-16
2017-08-31,Cannon,28451.1800,2018-04-16
2017-08-31,Carroll,29854.6500,2018-04-16
2017-08-31,Carter,73155.5200,2018-04-16
2017-08-31,Cheatham,100664.6900,2018-04-16
2017-08-31,Chester,12893.5400,2018-04-16
2017-08-31,Claiborne,37556.8300,2018-04-16
2017-08-31,Clay,9823.7900,2018-04-16
2017-08-31,Cocke,34376.3000,2018-04-16
2017-08-31,Coffee,127860.8800,2018-04-16
2017-08-31,Crockett,14192.0200,2018-04-16
2017-08-31,Cumberland,130472.7000,2018-04-16
2017-08-31,Davidson,4435345.3400,2018-04-16
2017-08-31,Decatur,13674.3400,2018-04-16
2017-08-31,DeKalb,49668.0800,2018-04-16
2017-08-31,Dickson,101840.1700,2018-04-16
2017-08-31,Dyer,48634.4300,2018-04-16
2017-08-31,Fayette,111731.8700,2018-04-16
2017-08-31,Fentress,30097.1100,2018-04-16
2017-08-31,Franklin,78801.2500,2018-04-16
2017-08-31,Gibson,64601.9800,2018-04-16
2017-08-31,Giles,39721.3300,2018-04-16
2017-08-31,Grainger,17172.1300,2018-04-16
2017-08-31,Greene,106362.2500,2018-04-16
2017-08-31,Grundy,14778.4500,2018-04-16
2017-08-31,Hamblen,95261.6600,2018-04-16
2017-08-31,Hamilton,1306745.8900,2018-04-16
2017-08-31,Hancock,5424.5900,2018-04-16
2017-08-31,Hardeman,.0000,2018-04-16
2017-08-31,Hardin,55898.5500,2018-04-16
2017-08-31,Hawkins,71788.5500,2018-04-16
2017-08-31,Haywood,17749.8300,2018-04-16
2017-08-31,Henderson,28579.6300,2018-04-16
2017-08-31,Henry,48244.2200,2018-04-16
2017-08-31,Hickman,29571.0400,2018-04-16
2017-08-31,Houston,11567.5400,2018-04-16
2017-08-31,Humphreys,24581.3800,2018-04-16
2017-08-31,Jackson,12471.9400,2018-04-16
2017-08-31,Jefferson,93352.3500,2018-04-16
2017-08-31,Johnson,18159.2400,2018-04-16
2017-08-31,Knox,1596878.2000,2018-04-16
2017-08-31,Lake,3050.0000,2018-04-16
2017-08-31,Lauderdale,17204.9700,2018-04-16
2017-08-31,Lawrence,56318.7300,2018-04-16
2017-08-31,Lewis,39680.5400,2018-04-16
2017-08-31,Lincoln,48129.0100,2018-04-16
2017-08-31,Loudon,158191.0000,2018-04-16
2017-08-31,Macon,38631.8600,2018-04-16
2017-08-31,Madison,124545.1900,2018-04-16
2017-08-31,Marion,45905.9100,2018-04-16
2017-08-31,Marshall,99489.9200,2018-04-16
2017-08-31,Maury,308040.7800,2018-04-16
2017-08-31,McMinn,56010.8700,2018-04-16
2017-08-31,McNairy,21507.6100,2018-04-16
2017-08-31,Meigs,16941.0400,2018-04-16
2017-08-31,Monroe,82423.8200,2018-04-16
2017-08-31,Montgomery,645094.0400,2018-04-16
2017-08-31,Moore,16748.9500,2018-04-16
2017-08-31,Morgan,12649.0000,2018-04-16
2017-08-31,Obion,28973.6100,2018-04-16
2017-08-31,Out of State,1086774.8400,2018-04-16
2017-08-31,Overton,23513.6600,2018-04-16
2017-08-31,Perry,13607.4300,2018-04-16
2017-08-31,Pickett,9571.8000,2018-04-16
2017-08-31,Polk,21412.3800,2018-04-16
2017-08-31,Putnam,189343.4500,2018-04-16
2017-08-31,Rhea,35656.1600,2018-04-16
2017-08-31,Roane,72446.0200,2018-04-16
2017-08-31,Robertson,198684.8500,2018-04-16
2017-08-31,Rutherford,1171632.2900,2018-04-16
2017-08-31,Scott,15735.0000,2018-04-16
2017-08-31,Sequatchie,15899.9600,2018-04-16
2017-08-31,Sevier,375702.5100,2018-04-16
2017-08-31,Shelby,2161769.7300,2018-04-16
2017-08-31,Smith,29210.4900,2018-04-16
2017-08-31,Stewart,26984.0900,2018-04-16
2017-08-31,Sullivan,304079.3800,2018-04-16
2017-08-31,Sumner,615599.5600,2018-04-16
2017-08-31,Tipton,94905.9700,2018-04-16
2017-08-31,Trousdale,10167.8700,2018-04-16
2017-08-31,Unicoi,17162.2500,2018-04-16
2017-08-31,Union,47605.5500,2018-04-16
2017-08-31,VanBuren,6489.1500,2018-04-16
2017-08-31,Warren,48225.0000,2018-04-16
2017-08-31,Washington,288555.3500,2018-04-16
2017-08-31,Wayne,15794.4500,2018-04-16
2017-08-31,Weakley,34983.0100,2018-04-16
2017-08-31,White,24936.5900,2018-04-16
2017-08-31,Williamson,2449734.8300,2018-04-16
2017-08-31,Wilson,626413.7500,2018-04-16
2017-09-30,Anderson,134967.2000,2018-04-16
2017-09-30,Bedford,111924.6700,2018-04-16
2017-09-30,Benton,28599.0700,2018-04-16
2017-09-30,Bledsoe,11191.5300,2018-04-16
2017-09-30,Blount,366229.3500,2018-04-16
2017-09-30,Bradley,259339.3200,2018-04-16
2017-09-30,Campbell,65603.9900,2018-04-16
2017-09-30,Cannon,35170.6600,2018-04-16
2017-09-30,Carroll,34625.8300,2018-04-16
2017-09-30,Carter,62010.8600,2018-04-16
2017-09-30,Cheatham,106399.2700,2018-04-16
2017-09-30,Chester,28427.3400,2018-04-16
2017-09-30,Claiborne,29392.8400,2018-04-16
2017-09-30,Clay,7498.9800,2018-04-16
2017-09-30,Cocke,30260.7300,2018-04-16
2017-09-30,Coffee,124879.2800,2018-04-16
2017-09-30,Crockett,13914.8600,2018-04-16
2017-09-30,Cumberland,137749.0300,2018-04-16
2017-09-30,Davidson,3962105.4100,2018-04-16
2017-09-30,Decatur,14355.5100,2018-04-16
2017-09-30,DeKalb,46436.1100,2018-04-16
2017-09-30,Dickson,128842.3900,2018-04-16
2017-09-30,Dyer,43029.6800,2018-04-16
2017-09-30,Fayette,162245.4500,2018-04-16
2017-09-30,Fentress,24979.9100,2018-04-16
2017-09-30,Franklin,93825.3800,2018-04-16
2017-09-30,Gibson,63528.8400,2018-04-16
2017-09-30,Giles,51219.7900,2018-04-16
2017-09-30,Grainger,28671.0000,2018-04-16
2017-09-30,Greene,97579.6100,2018-04-16
2017-09-30,Grundy,12217.9100,2018-04-16
2017-09-30,Hamblen,87914.5000,2018-04-16
2017-09-30,Hamilton,1290479.0000,2018-04-16
2017-09-30,Hancock,6858.1900,2018-04-16
2017-09-30,Hardeman,44621.0000,2018-04-16
2017-09-30,Hardin,.0000,2018-04-16
2017-09-30,Hawkins,67954.6000,2018-04-16
2017-09-30,Haywood,14969.1200,2018-04-16
2017-09-30,Henderson,34143.9100,2018-04-16
2017-09-30,Henry,54047.3400,2018-04-16
2017-09-30,Hickman,30805.0000,2018-04-16
2017-09-30,Houston,10313.0000,2018-04-16
2017-09-30,Humphreys,22704.6100,2018-04-16
2017-09-30,Jackson,13282.3700,2018-04-16
2017-09-30,Jefferson,118950.0000,2018-04-16
2017-09-30,Johnson,18419.0900,2018-04-16
2017-09-30,Knox,1467481.1100,2018-04-16
2017-09-30,Lake,14123.3500,2018-04-16
2017-09-30,Lauderdale,13719.8300,2018-04-16
2017-09-30,Lawrence,58950.1900,2018-04-16
2017-09-30,Lewis,15529.6500,2018-04-16
2017-09-30,Lincoln,71742.3300,2018-04-16
2017-09-30,Loudon,270521.2500,2018-04-16
2017-09-30,Macon,36710.0800,2018-04-16
2017-09-30,Madison,256756.6600,2018-04-16
2017-09-30,Marion,47373.9700,2018-04-16
2017-09-30,Marshall,71499.2700,2018-04-16
2017-09-30,Maury,299992.0100,2018-04-16
2017-09-30,McMinn,81594.7700,2018-04-16
2017-09-30,McNairy,24795.4700,2018-04-16
2017-09-30,Meigs,25894.5700,2018-04-16
2017-09-30,Monroe,80937.5200,2018-04-16
2017-09-30,Montgomery,616035.7000,2018-04-16
2017-09-30,Moore,7155.0500,2018-04-16
2017-09-30,Morgan,21909.2900,2018-04-16
2017-09-30,Obion,32785.9300,2018-04-16
2017-09-30,Out of State,-1150.0000,2018-04-16
2017-09-30,Overton,28981.0900,2018-04-16
2017-09-30,Perry,10739.5000,2018-04-16
2017-09-30,Pickett,6431.9300,2018-04-16
2017-09-30,Polk,18802.3800,2018-04-16
2017-09-30,Putnam,146139.3500,2018-04-16
2017-09-30,Rhea,60936.3300,2018-04-16
2017-09-30,Roane,107816.0000,2018-04-16
2017-09-30,Robertson,206455.5300,2018-04-16
2017-09-30,Rutherford,1324881.5400,2018-04-16
2017-09-30,Scott,13208.0000,2018-04-16
2017-09-30,Sequatchie,31752.8400,2018-04-16
2017-09-30,Sevier,432650.0700,2018-04-16
2017-09-30,Shelby,2428669.0000,2018-04-16
2017-09-30,Smith,35343.6600,2018-04-16
2017-09-30,Stewart,20424.3800,2018-04-16
2017-09-30,Sullivan,245975.1000,2018-04-16
2017-09-30,Sumner,794702.7800,2018-04-16
2017-09-30,Tipton,81352.9100,2018-04-16
2017-09-30,Trousdale,15963.0000,2018-04-16
2017-09-30,Unicoi,40158.8400,2018-04-16
2017-09-30,Union,34701.2300,2018-04-16
2017-09-30,VanBuren,14929.7300,2018-04-16
2017-09-30,Warren,66725.2200,2018-04-16
2017-09-30,Washington,504490.6000,2018-04-16
2017-09-30,Wayne,25911.8600,2018-04-16
2017-09-30,Weakley,34894.3700,2018-04-16
2017-09-30,White,53875.3800,2018-04-16
2017-09-30,Williamson,2183388.7300,2018-04-16
2017-09-30,Wilson,673394.1300,2018-04-16
2017-10-31,Anderson,125571.3400,2018-04-16
2017-10-31,Bedford,89692.1600,2018-04-16
2017-10-31,Benton,13267.9000,2018-04-16
2017-10-31,Bledsoe,17929.8800,2018-04-16
2017-10-31,Blount,405855.5100,2018-04-16
2017-10-31,Bradley,306469.7800,2018-04-16
2017-10-31,Campbell,58282.4100,2018-04-16
2017-10-31,Cannon,18906.8600,2018-04-16
2017-10-31,Carroll,27697.4500,2018-04-16
2017-10-31,Carter,59966.5400,2018-04-16
2017-10-31,Cheatham,113467.2500,2018-04-16
2017-10-31,Chester,22172.4500,2018-04-16
2017-10-31,Claiborne,33972.3200,2018-04-16
2017-10-31,Clay,11290.4000,2018-04-16
2017-10-31,Cocke,42466.2900,2018-04-16
2017-10-31,Coffee,107502.2000,2018-04-16
2017-10-31,Crockett,19317.7900,2018-04-16
2017-10-31,Cumberland,116662.1200,2018-04-16
2017-10-31,Davidson,3348280.1800,2018-04-16
2017-10-31,Decatur,25053.3400,2018-04-16
2017-10-31,DeKalb,39770.1900,2018-04-16
2017-10-31,Dickson,118983.4600,2018-04-16
2017-10-31,Dyer,38936.9300,2018-04-16
2017-10-31,Fayette,120780.4900,2018-04-16
2017-10-31,Fentress,21010.7700,2018-04-16
2017-10-31,Franklin,79410.8000,2018-04-16
2017-10-31,Gibson,57098.7700,2018-04-16
2017-10-31,Giles,39994.7700,2018-04-16
2017-10-31,Grainger,24098.8200,2018-04-16
2017-10-31,Greene,75166.6700,2018-04-16
2017-10-31,Grundy,15885.7600,2018-04-16
2017-10-31,Hamblen,80719.3800,2018-04-16
2017-10-31,Hamilton,1197427.2700,2018-04-16
2017-10-31,Hancock,5094.9300,2018-04-16
2017-10-31,Hardeman,13786.9800,2018-04-16
2017-10-31,Hardin,111559.0300,2018-04-16
2017-10-31,Hawkins,61617.1200,2018-04-16
2017-10-31,Haywood,9053.0000,2018-04-16
2017-10-31,Henderson,25165.8200,2018-04-16
2017-10-31,Henry,38090.9800,2018-04-16
2017-10-31,Hickman,35419.0500,2018-04-16
2017-10-31,Houston,7572.7700,2018-04-16
2017-10-31,Humphreys,59821.1600,2018-04-16
2017-10-31,Jackson,23298.1600,2018-04-16
2017-10-31,Jefferson,109096.9200,2018-04-16
2017-10-31,Johnson,29577.0000,2018-04-16
2017-10-31,Knox,1668734.4600,2018-04-16
2017-10-31,Lake,3833.5500,2018-04-16
2017-10-31,Lauderdale,10192.6800,2018-04-16
2017-10-31,Lawrence,78219.4200,2018-04-16
2017-10-31,Lewis,24683.3400,2018-04-16
2017-10-31,Lincoln,45309.5100,2018-04-16
2017-10-31,Loudon,244751.4500,2018-04-16
2017-10-31,Macon,31616.5000,2018-04-16
2017-10-31,Madison,191980.4700,2018-04-16
2017-10-31,Marion,34579.6500,2018-04-16
2017-10-31,Marshall,74112.8200,2018-04-16
2017-10-31,Maury,318353.5000,2018-04-16
2017-10-31,McMinn,176554.6400,2018-04-16
2017-10-31,McNairy,20777.0400,2018-04-16
2017-10-31,Meigs,12490.3500,2018-04-16
2017-10-31,Monroe,61422.0800,2018-04-16
2017-10-31,Montgomery,542879.8900,2018-04-16
2017-10-31,Moore,23314.7500,2018-04-16
2017-10-31,Morgan,12524.4500,2018-04-16
2017-10-31,Obion,35740.8300,2018-04-16
2017-10-31,Out of State,605291.6800,2018-04-16
2017-10-31,Overton,41941.4500,2018-04-16
2017-10-31,Perry,14195.7600,2018-04-16
2017-10-31,Pickett,9130.8900,2018-04-16
2017-10-31,Polk,15291.5400,2018-04-16
2017-10-31,Putnam,201076.1200,2018-04-16
2017-10-31,Rhea,55376.5000,2018-04-16
2017-10-31,Roane,96027.8500,2018-04-16
2017-10-31,Robertson,187375.2600,2018-04-16
2017-10-31,Rutherford,1150951.3400,2018-04-16
2017-10-31,Scott,17747.5800,2018-04-16
2017-10-31,Sequatchie,26728.4300,2018-04-16
2017-10-31,Sevier,367187.7800,2018-04-16
2017-10-31,Shelby,2429604.5000,2018-04-16
2017-10-31,Smith,45121.7300,2018-04-16
2017-10-31,Stewart,22591.7700,2018-04-16
2017-10-31,Sullivan,303847.7100,2018-04-16
2017-10-31,Sumner,763757.9000,2018-04-16
2017-10-31,Tipton,78026.4400,2018-04-16
2017-10-31,Trousdale,12448.4500,2018-04-16
2017-10-31,Unicoi,22156.2700,2018-04-16
2017-10-31,Union,31459.3800,2018-04-16
2017-10-31,VanBuren,8930.4400,2018-04-16
2017-10-31,Warren,49358.0000,2018-04-16
2017-10-31,Washington,242209.2300,2018-04-16
2017-10-31,Wayne,14859.1300,2018-04-16
2017-10-31,Weakley,33591.7600,2018-04-16
2017-10-31,White,32128.4800,2018-04-16
2017-10-31,Williamson,1998073.1000,2018-04-16
2017-10-31,Wilson,590202.5600,2018-04-16
2017-11-30,Anderson,134285.5400,2018-04-16
2017-11-30,Bedford,102426.1000,2018-04-16
2017-11-30,Benton,19108.8600,2018-04-16
2017-11-30,Bledsoe,8608.5300,2018-04-16
2017-11-30,Blount,386009.9500,2018-04-16
2017-11-30,Bradley,144461.5000,2018-04-16
2017-11-30,Campbell,53587.1100,2018-04-16
2017-11-30,Cannon,23309.9800,2018-04-16
2017-11-30,Carroll,28607.3600,2018-04-16
2017-11-30,Carter,66567.1900,2018-04-16
2017-11-30,Cheatham,92657.1700,2018-04-16
2017-11-30,Chester,20617.7000,2018-04-16
2017-11-30,Claiborne,35791.8600,2018-04-16
2017-11-30,Clay,9358.8800,2018-04-16
2017-11-30,Cocke,39982.1200,2018-04-16
2017-11-30,Coffee,119664.7100,2018-04-16
2017-11-30,Crockett,15907.7100,2018-04-16
2017-11-30,Cumberland,184899.2000,2018-04-16
2017-11-30,Davidson,4048629.8300,2018-04-16
2017-11-30,Decatur,19623.6100,2018-04-16
2017-11-30,DeKalb,40731.1500,2018-04-16
2017-11-30,Dickson,122834.8400,2018-04-16
2017-11-30,Dyer,73210.7700,2018-04-16
2017-11-30,Fayette,135104.0100,2018-04-16
2017-11-30,Fentress,23412.6300,2018-04-16
2017-11-30,Franklin,80636.3800,2018-04-16
2017-11-30,Gibson,43046.9100,2018-04-16
2017-11-30,Giles,52643.4800,2018-04-16
2017-11-30,Grainger,25468.7900,2018-04-16
2017-11-30,Greene,98544.1100,2018-04-16
2017-11-30,Grundy,16103.2000,2018-04-16
2017-11-30,Hamblen,85002.1400,2018-04-16
2017-11-30,Hamilton,1083414.4200,2018-04-16
2017-11-30,Hancock,6758.4200,2018-04-16
2017-11-30,Hardeman,20066.5600,2018-04-16
2017-11-30,Hardin,59373.1800,2018-04-16
2017-11-30,Hawkins,76348.6100,2018-04-16
2017-11-30,Haywood,23107.9300,2018-04-16
2017-11-30,Henderson,30546.5900,2018-04-16
2017-11-30,Henry,48449.4000,2018-04-16
2017-11-30,Hickman,38482.6600,2018-04-16
2017-11-30,Houston,8456.0000,2018-04-16
2017-11-30,Humphreys,48196.6900,2018-04-16
2017-11-30,Jackson,12776.9600,2018-04-16
2017-11-30,Jefferson,86298.2700,2018-04-16
2017-11-30,Johnson,15421.0000,2018-04-16
2017-11-30,Knox,1351226.4100,2018-04-16
2017-11-30,Lake,4811.0200,2018-04-16
2017-11-30,Lauderdale,24626.2300,2018-04-16
2017-11-30,Lawrence,56008.4500,2018-04-16
2017-11-30,Lewis,19858.2300,2018-04-16
2017-11-30,Lincoln,53508.6100,2018-04-16
2017-11-30,Loudon,199893.8900,2018-04-16
2017-11-30,Macon,39009.2900,2018-04-16
2017-11-30,Madison,178652.3100,2018-04-16
2017-11-30,Marion,67739.8200,2018-04-16
2017-11-30,Marshall,100337.1700,2018-04-16
2017-11-30,Maury,429663.6000,2018-04-16
2017-11-30,McMinn,88164.7500,2018-04-16
2017-11-30,McNairy,28642.7400,2018-04-16
2017-11-30,Meigs,12526.2900,2018-04-16
2017-11-30,Monroe,70446.8800,2018-04-16
2017-11-30,Montgomery,541068.0200,2018-04-16
2017-11-30,Moore,11226.1700,2018-04-16
2017-11-30,Morgan,17520.3800,2018-04-16
2017-11-30,Obion,26832.0900,2018-04-16
2017-11-30,Out of State,1541841.2400,2018-04-16
2017-11-30,Overton,32018.6500,2018-04-16
2017-11-30,Perry,15515.0000,2018-04-16
2017-11-30,Pickett,7054.1400,2018-04-16
2017-11-30,Polk,.0000,2018-04-16
2017-11-30,Putnam,209754.4200,2018-04-16
2017-11-30,Rhea,73792.6100,2018-04-16
2017-11-30,Roane,121116.0500,2018-04-16
2017-11-30,Robertson,206593.2300,2018-04-16
2017-11-30,Rutherford,1311778.2900,2018-04-16
2017-11-30,Scott,10441.0000,2018-04-16
2017-11-30,Sequatchie,25328.7000,2018-04-16
2017-11-30,Sevier,460500.8900,2018-04-16
2017-11-30,Shelby,2430534.7500,2018-04-16
2017-11-30,Smith,35338.1800,2018-04-16
2017-11-30,Stewart,23713.1600,2018-04-16
2017-11-30,Sullivan,281552.7000,2018-04-16
2017-11-30,Sumner,644490.1300,2018-04-16
2017-11-30,Tipton,96715.1300,2018-04-16
2017-11-30,Trousdale,19733.9100,2018-04-16
2017-11-30,Unicoi,15626.3500,2018-04-16
2017-11-30,Union,30865.6300,2018-04-16
2017-11-30,VanBuren,7720.6100,2018-04-16
2017-11-30,Warren,50905.0000,2018-04-16
2017-11-30,Washington,280599.2500,2018-04-16
2017-11-30,Wayne,11317.7700,2018-04-16
2017-11-30,Weakley,41949.1600,2018-04-16
2017-11-30,White,38794.3800,2018-04-16
2017-11-30,Williamson,1815703.7200,2018-04-16
2017-11-30,Wilson,655503.7600,2018-04-16
2017-12-31,Anderson,94883.3200,2018-04-16
2017-12-31,Bedford,72910.8800,2018-04-16
2017-12-31,Benton,12668.3700,2018-04-16
2017-12-31,Bledsoe,14842.5300,2018-04-16
2017-12-31,Blount,366220.0000,2018-04-16
2017-12-31,Bradley,179545.4800,2018-04-16
2017-12-31,Campbell,52366.6800,2018-04-16
2017-12-31,Cannon,21844.8600,2018-04-16
2017-12-31,Carroll,22607.2700,2018-04-16
2017-12-31,Carter,60673.6900,2018-04-16
2017-12-31,Cheatham,96215.4100,2018-04-16
2017-12-31,Chester,21815.7900,2018-04-16
2017-12-31,Claiborne,27981.2500,2018-04-16
2017-12-31,Clay,8982.1400,2018-04-16
2017-12-31,Cocke,71524.0700,2018-04-16
2017-12-31,Coffee,98216.4100,2018-04-16
2017-12-31,Crockett,15692.0700,2018-04-16
2017-12-31,Cumberland,131059.3900,2018-04-16
2017-12-31,Davidson,3651726.3700,2018-04-16
2017-12-31,Decatur,21068.3400,2018-04-16
2017-12-31,DeKalb,27682.2700,2018-04-16
2017-12-31,Dickson,109547.8100,2018-04-16
2017-12-31,Dyer,30916.3400,2018-04-16
2017-12-31,Fayette,115038.6100,2018-04-16
2017-12-31,Fentress,31653.7900,2018-04-16
2017-12-31,Franklin,100457.4200,2018-04-16
2017-12-31,Gibson,64563.4400,2018-04-16
2017-12-31,Giles,40798.4500,2018-04-16
2017-12-31,Grainger,23526.8300,2018-04-16
2017-12-31,Greene,74424.6300,2018-04-16
2017-12-31,Grundy,17409.6100,2018-04-16
2017-12-31,Hamblen,65226.0100,2018-04-16
2017-12-31,Hamilton,1058464.0000,2018-04-16
2017-12-31,Hancock,4674.2200,2018-04-16
2017-12-31,Hardeman,34325.9100,2018-04-16
2017-12-31,Hardin,42882.8200,2018-04-16
2017-12-31,Hawkins,51148.9100,2018-04-16
2017-12-31,Haywood,10477.9500,2018-04-16
2017-12-31,Henderson,27506.9500,2018-04-16
2017-12-31,Henry,33697.8400,2018-04-16
2017-12-31,Hickman,32177.2700,2018-04-16
2017-12-31,Houston,9882.9700,2018-04-16
2017-12-31,Humphreys,20640.5400,2018-04-16
2017-12-31,Jackson,13034.4800,2018-04-16
2017-12-31,Jefferson,86139.9100,2018-04-16
2017-12-31,Johnson,16595.8400,2018-04-16
2017-12-31,Knox,1208763.2500,2018-04-16
2017-12-31,Lake,7135.8900,2018-04-16
2017-12-31,Lauderdale,19536.1300,2018-04-16
2017-12-31,Lawrence,59962.7300,2018-04-16
2017-12-31,Lewis,18952.1300,2018-04-16
2017-12-31,Lincoln,72524.3900,2018-04-16
2017-12-31,Loudon,196767.5700,2018-04-16
2017-12-31,Macon,34365.2500,2018-04-16
2017-12-31,Madison,148729.6000,2018-04-16
2017-12-31,Marion,45606.6900,2018-04-16
2017-12-31,Marshall,72862.1900,2018-04-16
2017-12-31,Maury,315338.7800,2018-04-16
2017-12-31,McMinn,64768.3300,2018-04-16
2017-12-31,McNairy,20709.7700,2018-04-16
2017-12-31,Meigs,19899.0600,2018-04-16
2017-12-31,Monroe,81489.9200,2018-04-16
2017-12-31,Montgomery,643065.2800,2018-04-16
2017-12-31,Moore,5882.7100,2018-04-16
2017-12-31,Morgan,15881.5900,2018-04-16
2017-12-31,Obion,50804.6500,2018-04-16
2017-12-31,Out of State,931535.6800,2018-04-16
2017-12-31,Overton,26048.7000,2018-04-16
2017-12-31,Perry,11637.3700,2018-04-16
2017-12-31,Pickett,9763.5900,2018-04-16
2017-12-31,Polk,41649.3400,2018-04-16
2017-12-31,Putnam,173765.7000,2018-04-16
2017-12-31,Rhea,46575.2900,2018-04-16
2017-12-31,Roane,80279.9700,2018-04-16
2017-12-31,Robertson,189361.5900,2018-04-16
2017-12-31,Rutherford,1553502.5200,2018-04-16
2017-12-31,Scott,13257.9800,2018-04-16
2017-12-31,Sequatchie,28934.6300,2018-04-16
2017-12-31,Sevier,405064.2100,2018-04-16
2017-12-31,Shelby,1814341.2100,2018-04-16
2017-12-31,Smith,31118.7500,2018-04-16
2017-12-31,Stewart,26657.3800,2018-04-16
2017-12-31,Sullivan,234036.6300,2018-04-16
2017-12-31,Sumner,942751.3100,2018-04-16
2017-12-31,Tipton,114589.2500,2018-04-16
2017-12-31,Trousdale,20257.0200,2018-04-16
2017-12-31,Unicoi,18450.1100,2018-04-16
2017-12-31,Union,26094.7500,2018-04-16
2017-12-31,VanBuren,13133.8600,2018-04-16
2017-12-31,Warren,40664.0000,2018-04-16
2017-12-31,Washington,408537.9200,2018-04-16
2017-12-31,Wayne,18673.1300,2018-04-16
2017-12-31,Weakley,31347.6300,2018-04-16
2017-12-31,White,44794.1600,2018-04-16
2017-12-31,Williamson,1521865.9800,2018-04-16
2017-12-31,Wilson,635493.6500,2018-04-16
2018-01-31,Anderson,101477.6600,2018-04-16
2018-01-31,Bedford,115109.6000,2018-04-16
2018-01-31,Benton,19437.8400,2018-04-16
2018-01-31,Bledsoe,23707.5200,2018-04-16
2018-01-31,Blount,365818.0000,2018-04-16
2018-01-31,Bradley,195707.2600,2018-04-16
2018-01-31,Campbell,50866.6200,2018-04-16
2018-01-31,Cannon,42897.7700,2018-04-16
2018-01-31,Carroll,20208.7700,2018-04-16
2018-01-31,Carter,58946.7600,2018-04-16
2018-01-31,Cheatham,96736.2800,2018-04-16
2018-01-31,Chester,22383.3200,2018-04-16
2018-01-31,Claiborne,28500.5900,2018-04-16
2018-01-31,Clay,10294.7400,2018-04-16
2018-01-31,Cocke,36183.3600,2018-04-16
2018-01-31,Coffee,109397.5600,2018-04-16
2018-01-31,Crockett,16651.1300,2018-04-16
2018-01-31,Cumberland,134363.9100,2018-04-16
2018-01-31,Davidson,4612273.7100,2018-04-16
2018-01-31,Decatur,18284.9300,2018-04-16
2018-01-31,DeKalb,31804.1300,2018-04-16
2018-01-31,Dickson,95031.1400,2018-04-16
2018-01-31,Dyer,43066.8000,2018-04-16
2018-01-31,Fayette,156459.4800,2018-04-16
2018-01-31,Fentress,24180.3800,2018-04-16
2018-01-31,Franklin,79871.4200,2018-04-16
2018-01-31,Gibson,67528.8000,2018-04-16
2018-01-31,Giles,38607.3700,2018-04-16
2018-01-31,Grainger,22335.4000,2018-04-16
2018-01-31,Greene,67713.9600,2018-04-16
2018-01-31,Grundy,23244.9500,2018-04-16
2018-01-31,Hamblen,89481.5000,2018-04-16
2018-01-31,Hamilton,1048241.5600,2018-04-16
2018-01-31,Hancock,5022.1000,2018-04-16
2018-01-31,Hardeman,30493.0000,2018-04-16
2018-01-31,Hardin,46982.0100,2018-04-16
2018-01-31,Hawkins,51944.9100,2018-04-16
2018-01-31,Haywood,22030.1300,2018-04-16
2018-01-31,Henderson,49284.4100,2018-04-16
2018-01-31,Henry,42214.2600,2018-04-16
2018-01-31,Hickman,32632.4100,2018-04-16
2018-01-31,Houston,13849.4400,2018-04-16
2018-01-31,Humphreys,30846.3400,2018-04-16
2018-01-31,Jackson,10036.4800,2018-04-16
2018-01-31,Jefferson,92653.4200,2018-04-16
2018-01-31,Johnson,12619.6100,2018-04-16
2018-01-31,Knox,1577627.7400,2018-04-16
2018-01-31,Lake,719.7100,2018-04-16
2018-01-31,Lauderdale,11211.0200,2018-04-16
2018-01-31,Lawrence,50884.7900,2018-04-16
2018-01-31,Lewis,12043.8700,2018-04-16
2018-01-31,Lincoln,45869.5500,2018-04-16
2018-01-31,Loudon,144941.8500,2018-04-16
2018-01-31,Macon,40990.6300,2018-04-16
2018-01-31,Madison,190398.6400,2018-04-16
2018-01-31,Marion,75686.5500,2018-04-16
2018-01-31,Marshall,69480.9900,2018-04-16
2018-01-31,Maury,350468.4200,2018-04-16
2018-01-31,McMinn,76981.7700,2018-04-16
2018-01-31,McNairy,21990.5400,2018-04-16
2018-01-31,Meigs,21579.0000,2018-04-16
2018-01-31,Monroe,63872.5200,2018-04-16
2018-01-31,Montgomery,593500.4400,2018-04-16
2018-01-31,Moore,12238.5300,2018-04-16
2018-01-31,Morgan,43492.6200,2018-04-16
2018-01-31,Obion,26675.4300,2018-04-16
2018-01-31,Out of State,598168.2900,2018-04-16
2018-01-31,Overton,25521.2900,2018-04-16
2018-01-31,Perry,12525.4500,2018-04-16
2018-01-31,Pickett,15110.8700,2018-04-16
2018-01-31,Polk,13076.0500,2018-04-16
2018-01-31,Putnam,152428.4200,2018-04-16
2018-01-31,Rhea,57922.9300,2018-04-16
2018-01-31,Roane,61241.3300,2018-04-16
2018-01-31,Robertson,246674.1000,2018-04-16
2018-01-31,Rutherford,1301615.0700,2018-04-16
2018-01-31,Scott,12655.7900,2018-04-16
2018-01-31,Sequatchie,24485.1800,2018-04-16
2018-01-31,Sevier,477342.5600,2018-04-16
2018-01-31,Shelby,2423362.1200,2018-04-16
2018-01-31,Smith,40650.5000,2018-04-16
2018-01-31,Stewart,18572.2700,2018-04-16
2018-01-31,Sullivan,207033.9500,2018-04-16
2018-01-31,Sumner,775079.9300,2018-04-16
2018-01-31,Tipton,77802.2500,2018-04-16
2018-01-31,Trousdale,18106.6600,2018-04-16
2018-01-31,Unicoi,16971.7700,2018-04-16
2018-01-31,Union,31808.4500,2018-04-16
2018-01-31,VanBuren,9072.7600,2018-04-16
2018-01-31,Warren,80273.0000,2018-04-16
2018-01-31,Washington,269936.5300,2018-04-16
2018-01-31,Wayne,13568.4800,2018-04-16
2018-01-31,Weakley,34887.8000,2018-04-16
2018-01-31,White,40793.7300,2018-04-16
2018-01-31,Williamson,2446416.8300,2018-04-16
2018-01-31,Wilson,723789.5200,2018-04-16
2018-02-28,Anderson,108039.7800,2018-04-16
2018-02-28,Bedford,68254.2200,2018-04-16
2018-02-28,Benton,13063.1200,2018-04-16
2018-02-28,Bledsoe,10251.1900,2018-04-16
2018-02-28,Blount,319622.4200,2018-04-16
2018-02-28,Bradley,188708.9800,2018-04-16
2018-02-28,Campbell,68941.2100,2018-04-16
2018-02-28,Cannon,21380.2500,2018-04-16
2018-02-28,Carroll,14358.3600,2018-04-16
2018-02-28,Carter,50729.6600,2018-04-16
2018-02-28,Cheatham,64411.0800,2018-04-16
2018-02-28,Chester,17149.6500,2018-04-16
2018-02-28,Claiborne,31940.8600,2018-04-16
2018-02-28,Clay,8306.7600,2018-04-16
2018-02-28,Cocke,29832.0400,2018-04-16
2018-02-28,Coffee,80836.9900,2018-04-16
2018-02-28,Crockett,18315.5400,2018-04-16
2018-02-28,Cumberland,100043.0000,2018-04-16
2018-02-28,Davidson,4474808.7100,2018-04-16
2018-02-28,Decatur,9276.1500,2018-04-16
2018-02-28,DeKalb,36671.7500,2018-04-16
2018-02-28,Dickson,127973.7200,2018-04-16
2018-02-28,Dyer,37174.0500,2018-04-16
2018-02-28,Fayette,82823.1300,2018-04-16
2018-02-28,Fentress,35735.4800,2018-04-16
2018-02-28,Franklin,67314.9600,2018-04-16
2018-02-28,Gibson,44166.1200,2018-04-16
2018-02-28,Giles,38807.2000,2018-04-16
2018-02-28,Grainger,16315.5300,2018-04-16
2018-02-28,Greene,52954.5900,2018-04-16
2018-02-28,Grundy,6203.3000,2018-04-16
2018-02-28,Hamblen,86776.7200,2018-04-16
2018-02-28,Hamilton,794088.0000,2018-04-16
2018-02-28,Hancock,5487.7600,2018-04-16
2018-02-28,Hardeman,23062.8800,2018-04-16
2018-02-28,Hardin,27834.7500,2018-04-16
2018-02-28,Hawkins,42296.1200,2018-04-16
2018-02-28,Haywood,23548.8300,2018-04-16
2018-02-28,Henderson,34317.5800,2018-04-16
2018-02-28,Henry,28113.6100,2018-04-16
2018-02-28,Hickman,27731.5000,2018-04-16
2018-02-28,Houston,10000.0000,2018-04-16
2018-02-28,Humphreys,26954.9100,2018-04-16
2018-02-28,Jackson,7014.1100,2018-04-16
2018-02-28,Jefferson,99628.9400,2018-04-16
2018-02-28,Johnson,21162.4500,2018-04-16
2018-02-28,Knox,992480.3500,2018-04-16
2018-02-28,Lake,292.1600,2018-04-16
2018-02-28,Lauderdale,13483.9500,2018-04-16
2018-02-28,Lawrence,53891.0200,2018-04-16
2018-02-28,Lewis,21785.3600,2018-04-16
2018-02-28,Lincoln,35616.8300,2018-04-16
2018-02-28,Loudon,219146.3900,2018-04-16
2018-02-28,Macon,28359.7200,2018-04-16
2018-02-28,Madison,118016.7300,2018-04-16
2018-02-28,Marion,45803.6900,2018-04-16
2018-02-28,Marshall,52993.5700,2018-04-16
2018-02-28,Maury,328825.7700,2018-04-16
2018-02-28,McMinn,61229.8300,2018-04-16
2018-02-28,McNairy,17288.9800,2018-04-16
2018-02-28,Meigs,14198.9100,2018-04-16
2018-02-28,Monroe,71912.6600,2018-04-16
2018-02-28,Montgomery,499143.9700,2018-04-16
2018-02-28,Moore,9393.2200,2018-04-16
2018-02-28,Morgan,11820.1200,2018-04-16
2018-02-28,Obion,57163.7600,2018-04-16
2018-02-28,Out of State,718939.7900,2018-04-16
2018-02-28,Overton,27892.6800,2018-04-16
2018-02-28,Perry,11349.7500,2018-04-16
2018-02-28,Pickett,10820.0400,2018-04-16
2018-02-28,Polk,14892.6100,2018-04-16
2018-02-28,Putnam,147800.3900,2018-04-16
2018-02-28,Rhea,46024.5400,2018-04-16
2018-02-28,Roane,81106.1300,2018-04-16
2018-02-28,Robertson,177123.3900,2018-04-16
2018-02-28,Rutherford,963400.7800,2018-04-16
2018-02-28,Scott,31443.7900,2018-04-16
2018-02-28,Sequatchie,39659.4400,2018-04-16
2018-02-28,Sevier,472713.9000,2018-04-16
2018-02-28,Shelby,1627320.6100,2018-04-16
2018-02-28,Smith,33014.4500,2018-04-16
2018-02-28,Stewart,13870.7000,2018-04-16
2018-02-28,Sullivan,298898.5200,2018-04-16
2018-02-28,Sumner,612126.8000,2018-04-16
2018-02-28,Tipton,79389.6100,2018-04-16
2018-02-28,Trousdale,19644.0400,2018-04-16
2018-02-28,Unicoi,11096.5400,2018-04-16
2018-02-28,Union,24097.7400,2018-04-16
2018-02-28,VanBuren,4137.4000,2018-04-16
2018-02-28,Warren,43543.0000,2018-04-16
2018-02-28,Washington,214003.9500,2018-04-16
2018-02-28,Wayne,13016.9500,2018-04-16
2018-02-28,Weakley,23030.0400,2018-04-16
2018-02-28,White,39199.1900,2018-04-16
2018-02-28,Williamson,1707048.5900,2018-04-16
2018-02-28,Wilson,634262.6500,2018-04-16
2018-03-31,Anderson,111826.7100,2018-06-25
2018-03-31,Bedford,89950.7700,2018-06-25
2018-03-31,Benton,15585.3300,2018-06-25
2018-03-31,Bledsoe,10354.8300,2018-06-25
2018-03-31,Blount,321808.5100,2018-06-25
2018-03-31,Bradley,149787.1700,2018-06-25
2018-03-31,Campbell,44134.9500,2018-06-25
2018-03-31,Cannon,14055.4300,2018-06-25
2018-03-31,Carroll,32459.7700,2018-06-25
2018-03-31,Carter,53043.3400,2018-06-25
2018-03-31,Cheatham,63537.1100,2018-06-25
2018-03-31,Chester,17764.3300,2018-06-25
2018-03-31,Claiborne,22010.2500,2018-06-25
2018-03-31,Clay,9081.8600,2018-06-25
2018-03-31,Cocke,28271.1600,2018-06-25
2018-03-31,Coffee,93290.3500,2018-06-25
2018-03-31,Crockett,9666.0000,2018-06-25
2018-03-31,Cumberland,109455.4600,2018-06-25
2018-03-31,Davidson,3329060.5600,2018-06-25
2018-03-31,Decatur,19889.3200,2018-06-25
2018-03-31,DeKalb,31122.6600,2018-06-25
2018-03-31,Dickson,92992.8900,2018-06-25
2018-03-31,Dyer,34345.7300,2018-06-25
2018-03-31,Fayette,106486.2400,2018-06-25
2018-03-31,Fentress,21959.5000,2018-06-25
2018-03-31,Franklin,70958.5800,2018-06-25
2018-03-31,Gibson,33323.7600,2018-06-25
2018-03-31,Giles,36106.8700,2018-06-25
2018-03-31,Grainger,20142.4300,2018-06-25
2018-03-31,Greene,85836.1300,2018-06-25
2018-03-31,Grundy,25628.9100,2018-06-25
2018-03-31,Hamblen,110160.6000,2018-06-25
2018-03-31,Hamilton,869360.0500,2018-06-25
2018-03-31,Hancock,5636.2200,2018-06-25
2018-03-31,Hardeman,16035.6800,2018-06-25
2018-03-31,Hardin,29568.9300,2018-06-25
2018-03-31,Hawkins,47436.5200,2018-06-25
2018-03-31,Haywood,18420.8600,2018-06-25
2018-03-31,Henderson,26956.5900,2018-06-25
2018-03-31,Henry,47401.2700,2018-06-25
2018-03-31,Hickman,34523.0100,2018-06-25
2018-03-31,Houston,5234.9000,2018-06-25
2018-03-31,Humphreys,24334.7000,2018-06-25
2018-03-31,Jackson,11252.1200,2018-06-25
2018-03-31,Jefferson,66481.3600,2018-06-25
2018-03-31,Johnson,13849.0200,2018-06-25
2018-03-31,Knox,1182274.7700,2018-06-25
2018-03-31,Lake,1025.2800,2018-06-25
2018-03-31,Lauderdale,14020.4200,2018-06-25
2018-03-31,Lawrence,43664.6900,2018-06-25
2018-03-31,Lewis,14207.3700,2018-06-25
2018-03-31,Lincoln,59170.2000,2018-06-25
2018-03-31,Loudon,119184.2800,2018-06-25
2018-03-31,Macon,30593.1300,2018-06-25
2018-03-31,Madison,129079.2700,2018-06-25
2018-03-31,Marion,41876.3000,2018-06-25
2018-03-31,Marshall,86978.8600,2018-06-25
2018-03-31,Maury,328933.0400,2018-06-25
2018-03-31,McMinn,51408.1200,2018-06-25
2018-03-31,McNairy,22507.3600,2018-06-25
2018-03-31,Meigs,11022.2800,2018-06-25
2018-03-31,Monroe,43461.2600,2018-06-25
2018-03-31,Montgomery,543864.9300,2018-06-25
2018-03-31,Moore,17844.2500,2018-06-25
2018-03-31,Morgan,16346.3500,2018-06-25
2018-03-31,Obion,55870.2600,2018-06-25
2018-03-31,Out of State,1056529.8900,2018-06-25
2018-03-31,Overton,21427.2400,2018-06-25
2018-03-31,Perry,3499.2900,2018-06-25
2018-03-31,Pickett,11034.0700,2018-06-25
2018-03-31,Polk,15584.6100,2018-06-25
2018-03-31,Putnam,97099.0300,2018-06-25
2018-03-31,Rhea,34185.3000,2018-06-25
2018-03-31,Roane,64377.1200,2018-06-25
2018-03-31,Robertson,182887.9700,2018-06-25
2018-03-31,Rutherford,1037718.2100,2018-06-25
2018-03-31,Scott,12107.0000,2018-06-25
2018-03-31,Sequatchie,16546.7500,2018-06-25
2018-03-31,Sevier,356724.0300,2018-06-25
2018-03-31,Shelby,1610658.2900,2018-06-25
2018-03-31,Smith,19307.4000,2018-06-25
2018-03-31,Stewart,14130.2400,2018-06-25
2018-03-31,Sullivan,182019.0900,2018-06-25
2018-03-31,Sumner,497545.6400,2018-06-25
2018-03-31,Tipton,85234.0200,2018-06-25
2018-03-31,Trousdale,18618.0000,2018-06-25
2018-03-31,Unicoi,19288.2300,2018-06-25
2018-03-31,Union,23321.8100,2018-06-25
2018-03-31,Van Buren,7812.3000,2018-06-25
2018-03-31,Warren,51482.7500,2018-06-25
2018-03-31,Washington,188830.7900,2018-06-25
2018-03-31,Wayne,32532.2700,2018-06-25
2018-03-31,Weakley,25017.9700,2018-06-25
2018-03-31,White,35239.9500,2018-06-25
2018-03-31,Williamson,1689312.1600,2018-06-25
2018-03-31,Wilson,477854.0700,2018-06-25
2018-04-30,Anderson,117484.4100,2018-05-22
2018-04-30,Bedford,113959.1300,2018-05-22
2018-04-30,Benton,13593.1900,2018-05-22
2018-04-30,Bledsoe,8800.9400,2018-05-22
2018-04-30,Blount,373863.0000,2018-05-22
2018-04-30,Bradley,188920.4100,2018-05-22
2018-04-30,Campbell,64824.6800,2018-05-22
2018-04-30,Cannon,16295.2400,2018-05-22
2018-04-30,Carroll,28421.9900,2018-05-22
2018-04-30,Carter,63378.1100,2018-05-22
2018-04-30,Cheatham,94181.8800,2018-05-22
2018-04-30,Chester,16881.7200,2018-05-22
2018-04-30,Claiborne,29003.0700,2018-05-22
2018-04-30,Clay,6161.4700,2018-05-22
2018-04-30,Cocke,27386.4700,2018-05-22
2018-04-30,Coffee,87535.2400,2018-05-22
2018-04-30,Crockett,22818.4900,2018-05-22
2018-04-30,Cumberland,131783.8400,2018-05-22
2018-04-30,Davidson,3926538.5400,2018-05-22
2018-04-30,Decatur,21686.4100,2018-05-22
2018-04-30,DeKalb,34546.1200,2018-05-22
2018-04-30,Dickson,115526.0300,2018-05-22
2018-04-30,Dyer,41132.9300,2018-05-22
2018-04-30,Fayette,.0000,2018-05-22
2018-04-30,Fentress,31526.5200,2018-05-22
2018-04-30,Franklin,97867.7500,2018-05-22
2018-04-30,Gibson,56359.3300,2018-05-22
2018-04-30,Giles,48019.1800,2018-05-22
2018-04-30,Grainger,38458.3800,2018-05-22
2018-04-30,Greene,100571.1300,2018-05-22
2018-04-30,Grundy,17119.7200,2018-05-22
2018-04-30,Hamblen,117369.6400,2018-05-22
2018-04-30,Hamilton,1095114.9300,2018-05-22
2018-04-30,Hancock,4792.5100,2018-05-22
2018-04-30,Hardeman,18857.0000,2018-05-22
2018-04-30,Hardin,52402.9500,2018-05-22
2018-04-30,Hawkins,89778.2200,2018-05-22
2018-04-30,Haywood,27263.5000,2018-05-22
2018-04-30,Henderson,25393.5900,2018-05-22
2018-04-30,Henry,37890.5500,2018-05-22
2018-04-30,Hickman,49464.3300,2018-05-22
2018-04-30,Houston,11647.5800,2018-05-22
2018-04-30,Humphreys,26125.4900,2018-05-22
2018-04-30,Jackson,12465.4500,2018-05-22
2018-04-30,Jefferson,107053.7400,2018-05-22
2018-04-30,Johnson,19113.7200,2018-05-22
2018-04-30,Knox,1628413.3000,2018-05-22
2018-04-30,Lake,23267.6100,2018-05-22
2018-04-30,Lauderdale,23253.2700,2018-05-22
2018-04-30,Lawrence,50801.3300,2018-05-22
2018-04-30,Lewis,19461.4900,2018-05-22
2018-04-30,Lincoln,38580.8700,2018-05-22
2018-04-30,Loudon,162053.8500,2018-05-22
2018-04-30,Macon,26859.4000,2018-05-22
2018-04-30,Madison,196899.6900,2018-05-22
2018-04-30,Marion,57496.9300,2018-05-22
2018-04-30,Marshall,88402.5000,2018-05-22
2018-04-30,Maury,329245.8500,2018-05-22
2018-04-30,McMinn,93066.0000,2018-05-22
2018-04-30,McNairy,26344.8600,2018-05-22
2018-04-30,Meigs,17634.4100,2018-05-22
2018-04-30,Monroe,80243.0800,2018-05-22
2018-04-30,Montgomery,661325.3100,2018-05-22
2018-04-30,Moore,13436.0300,2018-05-22
2018-04-30,Morgan,14857.0400,2018-05-22
2018-04-30,Obion,32394.2000,2018-05-22
2018-04-30,Out of State,797620.1800,2018-05-22
2018-04-30,Overton,32047.5000,2018-05-22
2018-04-30,Perry,12287.6800,2018-05-22
2018-04-30,Pickett,13541.2700,2018-05-22
2018-04-30,Polk,21163.8800,2018-05-22
2018-04-30,Putnam,136935.9800,2018-05-22
2018-04-30,Rhea,44094.7600,2018-05-22
2018-04-30,Roane,68452.2800,2018-05-22
2018-04-30,Robertson,243263.7800,2018-05-22
2018-04-30,Rutherford,1164342.6500,2018-05-22
2018-04-30,Scott,9263.0000,2018-05-22
2018-04-30,Sequatchie,21674.7500,2018-05-22
2018-04-30,Sevier,458121.2100,2018-05-22
2018-04-30,Shelby,1762041.0000,2018-05-22
2018-04-30,Smith,31794.7900,2018-05-22
2018-04-30,Stewart,16050.3000,2018-05-22
2018-04-30,Sullivan,227769.0700,2018-05-22
2018-04-30,Sumner,666567.7100,2018-05-22
2018-04-30,Tipton,112575.2400,2018-05-22
2018-04-30,Trousdale,14844.3000,2018-05-22
2018-04-30,Unicoi,17421.7000,2018-05-22
2018-04-30,Union,24060.9500,2018-05-22
2018-04-30,VanBuren,7613.4300,2018-05-22
2018-04-30,Warren,72451.0000,2018-05-22
2018-04-30,Washington,254989.5900,2018-05-22
2018-04-30,Wayne,15258.1800,2018-05-22
2018-04-30,Weakley,39225.3600,2018-05-22
2018-04-30,White,30821.2200,2018-05-22
2018-04-30,Williamson,2007719.5200,2018-05-22
2018-04-30,Wilson,655197.6000,2018-05-22
2018-05-31,Anderson,121631.1600,2018-11-29
2018-05-31,Bedford,80945.8000,2018-11-29
2018-05-31,Benton,20664.5900,2018-11-29
2018-05-31,Bledsoe,17599.1100,2018-11-29
2018-05-31,Blount,344156.0000,2018-11-29
2018-05-31,Bradley,340609.3100,2018-11-29
2018-05-31,Campbell,71619.3200,2018-11-29
2018-05-31,Cannon,27306.3600,2018-11-29
2018-05-31,Carroll,40573.2700,2018-11-29
2018-05-31,Carter,52531.1900,2018-11-29
2018-05-31,Cheatham,99847.4100,2018-11-29
2018-05-31,Chester,22988.0400,2018-11-29
2018-05-31,Claiborne,24665.6600,2018-11-29
2018-05-31,Clay,11181.3800,2018-11-29
2018-05-31,Cocke,42439.7900,2018-11-29
2018-05-31,Coffee,128466.7500,2018-11-29
2018-05-31,Crockett,12893.0800,2018-11-29
2018-05-31,Cumberland,153459.6700,2018-11-29
2018-05-31,Davidson,3629545.1600,2018-11-29
2018-05-31,Decatur,22881.7900,2018-11-29
2018-05-31,DeKalb,42597.6300,2018-11-29
2018-05-31,Dickson,141510.3100,2018-11-29
2018-05-31,Dyer,56603.2900,2018-11-29
2018-05-31,Fayette,255497.2900,2018-11-29
2018-05-31,Fentress,24257.4100,2018-11-29
2018-05-31,Franklin,108620.3200,2018-11-29
2018-05-31,Gibson,139901.6000,2018-11-29
2018-05-31,Giles,53968.7000,2018-11-29
2018-05-31,Grainger,27224.9000,2018-11-29
2018-05-31,Greene,67888.4100,2018-11-29
2018-05-31,Grundy,11546.2900,2018-11-29
2018-05-31,Hamblen,91786.9100,2018-11-29
2018-05-31,Hamilton,1187906.0000,2018-11-29
2018-05-31,Hancock,7500.7700,2018-11-29
2018-05-31,Hardeman,21095.0000,2018-11-29
2018-05-31,Hardin,58386.2200,2018-11-29
2018-05-31,Hawkins,63117.3400,2018-11-29
2018-05-31,Haywood,9807.1300,2018-11-29
2018-05-31,Henderson,31327.8600,2018-11-29
2018-05-31,Henry,48175.6200,2018-11-29
2018-05-31,Hickman,35779.2600,2018-11-29
2018-05-31,Houston,8399.4500,2018-11-29
2018-05-31,Humphreys,38863.3000,2018-11-29
2018-05-31,Jackson,19209.5600,2018-11-29
2018-05-31,Jefferson,135601.5700,2018-11-29
2018-05-31,Johnson,26741.3800,2018-11-29
2018-05-31,Knox,1670262.9600,2018-11-29
2018-05-31,Lake,1118.4200,2018-11-29
2018-05-31,Lauderdale,15054.8700,2018-11-29
2018-05-31,Lawrence,58674.3300,2018-11-29
2018-05-31,Lewis,22980.3600,2018-11-29
2018-05-31,Lincoln,57437.7300,2018-11-29
2018-05-31,Loudon,155531.0600,2018-11-29
2018-05-31,Macon,44008.1200,2018-11-29
2018-05-31,Madison,167534.6600,2018-11-29
2018-05-31,Marion,71269.1100,2018-11-29
2018-05-31,Marshall,101993.6300,2018-11-29
2018-05-31,Maury,316233.7500,2018-11-29
2018-05-31,McMinn,84230.1900,2018-11-29
2018-05-31,McNairy,22013.0200,2018-11-29
2018-05-31,Meigs,11233.7000,2018-11-29
2018-05-31,Monroe,65402.7300,2018-11-29
2018-05-31,Montgomery,621263.5100,2018-11-29
2018-05-31,Moore,10539.8400,2018-11-29
2018-05-31,Morgan,14218.3700,2018-11-29
2018-05-31,Obion,137310.1900,2018-11-29
2018-05-31,Out of State,780232.3800,2018-11-29
2018-05-31,Overton,41041.1800,2018-11-29
2018-05-31,Perry,51673.1300,2018-11-29
2018-05-31,Pickett,13837.0200,2018-11-29
2018-05-31,Polk,34334.7000,2018-11-29
2018-05-31,Putnam,168050.3900,2018-11-29
2018-05-31,Rhea,41327.6800,2018-11-29
2018-05-31,Roane,91228.4200,2018-11-29
2018-05-31,Robertson,183322.3500,2018-11-29
2018-05-31,Rutherford,1170717.3800,2018-11-29
2018-05-31,Scott,16707.0000,2018-11-29
2018-05-31,Sequatchie,30291.3200,2018-11-29
2018-05-31,Sevier,485652.6600,2018-11-29
2018-05-31,Shelby,2312061.0400,2018-11-29
2018-05-31,Smith,40127.0700,2018-11-29
2018-05-31,Stewart,18561.8200,2018-11-29
2018-05-31,Sullivan,521290.1700,2018-11-29
2018-05-31,Sumner,739680.6800,2018-11-29
2018-05-31,Tipton,104210.7100,2018-11-29
2018-05-31,Trousdale,17734.2300,2018-11-29
2018-05-31,Unicoi,18394.2500,2018-11-29
2018-05-31,Union,39510.7700,2018-11-29
2018-05-31,Van Buren,3703.7700,2018-11-29
2018-05-31,Warren,67320.0000,2018-11-29
2018-05-31,Washington,259407.0000,2018-11-29
2018-05-31,Wayne,22251.9500,2018-11-29
2018-05-31,Weakley,47419.4400,2018-11-29
2018-05-31,White,35486.0000,2018-11-29
2018-05-31,Williamson,2335946.2500,2018-11-29
2018-05-31,Wilson,653372.0900,2018-11-29
2018-06-30,Anderson,7220607.0500,2018-10-18
2018-06-30,Bedford,3260730.6200,2018-10-18
2018-06-30,Benton,980481.5400,2018-10-18
2018-06-30,Bledsoe,207725.8200,2018-10-18
2018-06-30,Blount,12444652.1900,2018-10-18
2018-06-30,Bradley,8579452.5800,2018-10-18
2018-06-30,Campbell,2422865.3100,2018-10-18
2018-06-30,Cannon,427238.4200,2018-10-18
2018-06-30,Carroll,1139621.5700,2018-10-18
2018-06-30,Carter,2555965.0000,2018-10-18
2018-06-30,Cheatham,1911999.0900,2018-10-18
2018-06-30,Chester,690774.6700,2018-10-18
2018-06-30,Claiborne,1229323.9700,2018-10-18
2018-06-30,Clay,322462.3400,2018-10-18
2018-06-30,Cocke,2036280.1200,2018-10-18
2018-06-30,Coffee,5216191.0500,2018-10-18
2018-06-30,Crockett,414297.5200,2018-10-18
2018-06-30,Cumberland,4687668.4400,2018-10-18
2018-06-30,Davidson,114423061.0900,2018-10-18
2018-06-30,Decatur,606029.6600,2018-10-18
2018-06-30,DeKalb,960246.3100,2018-10-18
2018-06-30,Dickson,5197750.2300,2018-10-18
2018-06-30,Dyer,3040106.4900,2018-10-18
2018-06-30,Fayette,1789759.9200,2018-10-18
2018-06-30,Fentress,819308.8200,2018-10-18
2018-06-30,Franklin,2587585.5200,2018-10-18
2018-06-30,Gibson,2760165.2700,2018-10-18
2018-06-30,Giles,1966733.9200,2018-10-18
2018-06-30,Grainger,575797.0300,2018-10-18
2018-06-30,Greene,4091896.6000,2018-10-18
2018-06-30,Grundy,361913.8900,2018-10-18
2018-06-30,Hamblen,6184183.3300,2018-10-18
2018-06-30,Hamilton,40037900.6800,2018-10-18
2018-06-30,Hancock,132547.7200,2018-10-18
2018-06-30,Hardeman,972183.9300,2018-10-18
2018-06-30,Hardin,2598599.5000,2018-10-18
2018-06-30,Hawkins,2019333.1300,2018-10-18
2018-06-30,Haywood,905766.6900,2018-10-18
2018-06-30,Henderson,1745130.0400,2018-10-18
2018-06-30,Henry,2822193.5800,2018-10-18
2018-06-30,Hickman,646699.0800,2018-10-18
2018-06-30,Houston,232132.7600,2018-10-18
2018-06-30,Humphreys,931594.4300,2018-10-18
2018-06-30,Jackson,179016.8100,2018-10-18
2018-06-30,Jefferson,2942492.5800,2018-10-18
2018-06-30,Johnson,579471.2600,2018-10-18
2018-06-30,Knox,57645870.7000,2018-10-18
2018-06-30,Lake,161903.8100,2018-10-18
2018-06-30,Lauderdale,835132.3100,2018-10-18
2018-06-30,Lawrence,2535775.2700,2018-10-18
2018-06-30,Lewis,694647.8900,2018-10-18
2018-06-30,Lincoln,2151730.4900,2018-10-18
2018-06-30,Loudon,4106132.7100,2018-10-18
2018-06-30,Macon,1140942.6800,2018-10-18
2018-06-30,Madison,12999967.1800,2018-10-18
2018-06-30,Marion,1960541.0700,2018-10-18
2018-06-30,Marshall,2074514.1400,2018-10-18
2018-06-30,Maury,8694547.1300,2018-10-18
2018-06-30,McMinn,3672226.7900,2018-10-18
2018-06-30,McNairy,1085646.7500,2018-10-18
2018-06-30,Meigs,493001.8200,2018-10-18
2018-06-30,Monroe,2668395.6400,2018-10-18
2018-06-30,Montgomery,16354824.1000,2018-10-18
2018-06-30,Moore,252669.0700,2018-10-18
2018-06-30,Morgan,377473.1900,2018-10-18
2018-06-30,Obion,2444344.8100,2018-10-18
2018-06-30,Out of State,127905122.1300,2018-10-18
2018-06-30,Overton,994527.7300,2018-10-18
2018-06-30,Perry,278122.3800,2018-10-18
2018-06-30,Pickett,290501.9000,2018-10-18
2018-06-30,Polk,474360.6000,2018-10-18
2018-06-30,Putnam,9154749.4100,2018-10-18
2018-06-30,Rhea,1839911.2300,2018-10-18
2018-06-30,Roane,3852966.1400,2018-10-18
2018-06-30,Robertson,4661428.5300,2018-10-18
2018-06-30,Rutherford,32696955.8900,2018-10-18
2018-06-30,Scott,1020777.7800,2018-10-18
2018-06-30,Sequatchie,726434.3500,2018-10-18
2018-06-30,Sevier,20320800.3000,2018-10-18
2018-06-30,Shelby,87549624.2300,2018-10-18
2018-06-30,Smith,1126147.7900,2018-10-18
2018-06-30,Stewart,471947.2300,2018-10-18
2018-06-30,Sullivan,15253229.2400,2018-10-18
2018-06-30,Sumner,13206877.7100,2018-10-18
2018-06-30,Tipton,2567948.3700,2018-10-18
2018-06-30,Trousdale,286850.5100,2018-10-18
2018-06-30,Unicoi,737325.3700,2018-10-18
2018-06-30,Union,549711.8300,2018-10-18
2018-06-30,Van Buren,96471.6000,2018-10-18
2018-06-30,Warren,2365136.8700,2018-10-18
2018-06-30,Washington,12873001.9300,2018-10-18
2018-06-30,Wayne,470320.9500,2018-10-18
2018-06-30,Weakley,1659915.0400,2018-10-18
2018-06-30,White,1394474.7500,2018-10-18
2018-06-30,Williamson,32040352.9400,2018-10-18
2018-06-30,Wilson,13503771.9700,2018-10-18
