County,Date,Value,LastReportedDate,
Anderson,2018-05-31,7234151.9900,2018-10-17
Anderson,2018-06-30,7220607.0500,2018-11-29
Anderson,2017-10-31,7006165.7100,2018-04-16
Anderson,2017-11-30,6817796.0800,2018-04-16
Anderson,2017-12-31,7361363.4500,2018-04-16
Anderson,2017-07-31,6726978.9600,2018-04-16
Anderson,2017-08-31,6734805.4600,2018-04-16
Anderson,2017-09-30,6877220.5700,2018-04-16
Anderson,2018-01-31,7470786.7300,2018-04-16
Anderson,2018-02-28,6515848.5700,2018-04-16
Anderson,2018-03-31,5944667.5800,2018-06-25
Anderson,2018-04-30,7139046.5000,2018-05-22
Bedford,2018-04-30,3680105.4500,2018-05-22
Bedford,2018-03-31,2987023.2000,2018-06-25
Bedford,2018-02-28,2781452.6800,2018-04-16
Bedford,2018-01-31,3429088.0400,2018-04-16
Bedford,2017-09-30,3104191.6200,2018-04-16
Bedford,2017-08-31,3125572.3500,2018-04-16
Bedford,2017-07-31,3208289.7200,2018-04-16
Bedford,2017-12-31,2959769.7700,2018-04-16
Bedford,2017-11-30,2911350.3300,2018-04-16
Bedford,2017-10-31,3037624.8500,2018-04-16
Bedford,2018-06-30,3260730.6200,2018-11-29
Bedford,2018-05-31,3112948.1000,2018-10-17
Benton,2018-05-31,842153.6500,2018-10-17
Benton,2018-06-30,980481.5400,2018-11-29
Benton,2017-10-31,871055.0600,2018-04-16
Benton,2017-12-31,902204.8800,2018-04-16
Benton,2017-11-30,816308.7600,2018-04-16
Benton,2017-07-31,920747.9800,2018-04-16
Benton,2017-09-30,930597.5100,2018-04-16
Benton,2017-08-31,814436.0000,2018-04-16
Benton,2018-01-31,904853.5000,2018-04-16
Benton,2018-03-31,761413.9000,2018-06-25
Benton,2018-02-28,758104.0800,2018-04-16
Benton,2018-04-30,911895.3900,2018-05-22
Bledsoe,2018-03-31,191070.2000,2018-06-25
Bledsoe,2018-04-30,213969.4200,2018-05-22
Bledsoe,2018-02-28,194420.4800,2018-04-16
Bledsoe,2018-01-31,258895.7500,2018-04-16
Bledsoe,2017-09-30,229748.8200,2018-04-16
Bledsoe,2017-08-31,226542.7900,2018-04-16
Bledsoe,2017-07-31,209430.6200,2018-04-16
Bledsoe,2017-11-30,257340.2300,2018-04-16
Bledsoe,2017-12-31,187422.1300,2018-04-16
Bledsoe,2017-10-31,220433.8500,2018-04-16
Bledsoe,2018-06-30,207725.8200,2018-11-29
Bledsoe,2018-05-31,198259.7600,2018-10-17
Blount,2018-05-31,11557117.8500,2018-10-17
Blount,2018-06-30,12444652.1900,2018-11-29
Blount,2017-11-30,11241935.6800,2018-04-16
Blount,2017-10-31,11994027.1800,2018-04-16
Blount,2017-12-31,10931201.4000,2018-04-16
Blount,2017-08-31,11876652.0100,2018-04-16
Blount,2017-07-31,12259551.8600,2018-04-16
Blount,2017-09-30,11217515.0100,2018-04-16
Blount,2018-01-31,12837588.8300,2018-04-16
Blount,2018-02-28,9751204.2600,2018-04-16
Blount,2018-03-31,9970992.3300,2018-06-25
Blount,2018-04-30,12107088.3200,2018-05-22
Bradley,2018-04-30,8553444.8800,2018-05-22
Bradley,2018-03-31,7222723.5300,2018-06-25
Bradley,2018-02-28,6887174.2300,2018-04-16
Bradley,2018-01-31,8807323.8600,2018-04-16
Bradley,2017-09-30,8288547.9600,2018-04-16
Bradley,2017-07-31,8779027.5600,2018-04-16
Bradley,2017-08-31,7883985.3300,2018-04-16
Bradley,2017-12-31,7942955.0500,2018-04-16
Bradley,2017-10-31,8094759.9600,2018-04-16
Bradley,2017-11-30,7495372.7900,2018-04-16
Bradley,2018-06-30,8579452.5800,2018-11-29
Bradley,2018-05-31,8050873.0800,2018-10-17
Campbell,2018-05-31,2092543.7500,2018-10-17
Campbell,2018-06-30,2422865.3100,2018-11-29
Campbell,2017-11-30,1954527.0900,2018-04-16
Campbell,2017-10-31,2124251.9900,2018-04-16
Campbell,2017-12-31,1892500.6200,2018-04-16
Campbell,2017-08-31,2425564.7400,2018-04-16
Campbell,2017-07-31,2506070.2300,2018-04-16
Campbell,2017-09-30,2165485.5200,2018-04-16
Campbell,2018-01-31,2192114.2300,2018-04-16
Campbell,2018-03-31,1845008.0300,2018-06-25
Campbell,2018-02-28,1680115.8000,2018-04-16
Campbell,2018-04-30,2162793.2900,2018-05-22
Cannon,2018-04-30,433096.2100,2018-05-22
Cannon,2018-02-28,334393.0100,2018-04-16
Cannon,2018-03-31,342940.7800,2018-06-25
Cannon,2018-01-31,407980.0600,2018-04-16
Cannon,2017-09-30,375507.7100,2018-04-16
Cannon,2017-08-31,381321.5200,2018-04-16
Cannon,2017-07-31,472459.2000,2018-04-16
Cannon,2017-12-31,353469.3700,2018-04-16
Cannon,2017-11-30,374585.0600,2018-04-16
Cannon,2017-10-31,419042.5300,2018-04-16
Cannon,2018-06-30,427238.4200,2018-11-29
Cannon,2018-05-31,396525.7900,2018-10-17
Carroll,2018-05-31,1115358.6800,2018-10-17
Carroll,2018-06-30,1139621.5700,2018-11-29
Carroll,2017-10-31,1078301.8100,2018-04-16
Carroll,2017-11-30,1077605.3600,2018-04-16
Carroll,2017-12-31,1052035.4200,2018-04-16
Carroll,2017-07-31,1135934.4000,2018-04-16
Carroll,2017-08-31,1100396.6700,2018-04-16
Carroll,2017-09-30,1038350.9200,2018-04-16
Carroll,2018-01-31,1131504.0600,2018-04-16
Carroll,2018-03-31,1008322.0400,2018-06-25
Carroll,2018-02-28,933412.1500,2018-04-16
Carroll,2018-04-30,1197002.4600,2018-05-22
Carter,2018-04-30,2514832.2900,2018-05-22
Carter,2018-03-31,2117113.8700,2018-06-25
Carter,2018-01-31,2572462.3900,2018-04-16
Carter,2018-02-28,2045931.1000,2018-04-16
Carter,2017-09-30,2331739.6600,2018-04-16
Carter,2017-07-31,2599841.1200,2018-04-16
Carter,2017-08-31,2386137.8300,2018-04-16
Carter,2017-12-31,2333656.9300,2018-04-16
Carter,2017-10-31,2479048.3300,2018-04-16
Carter,2017-11-30,2316076.4900,2018-04-16
Carter,2018-06-30,2555965.0000,2018-11-29
Carter,2018-05-31,2404029.3900,2018-10-17
Cheatham,2018-05-31,1709023.6300,2018-10-17
Cheatham,2018-06-30,1911999.0900,2018-11-29
Cheatham,2017-10-31,1686057.3700,2018-04-16
Cheatham,2017-12-31,1443537.9900,2018-04-16
Cheatham,2017-11-30,1556556.3500,2018-04-16
Cheatham,2017-07-31,1789500.8700,2018-04-16
Cheatham,2017-09-30,1564083.7000,2018-04-16
Cheatham,2017-08-31,1632268.8100,2018-04-16
Cheatham,2018-01-31,1756530.1200,2018-04-16
Cheatham,2018-03-31,1429677.1200,2018-06-25
Cheatham,2018-02-28,1402990.5500,2018-04-16
Cheatham,2018-04-30,2182001.0400,2018-05-22
Chester,2018-04-30,754039.1800,2018-05-22
Chester,2018-02-28,537448.5100,2018-04-16
Chester,2018-03-31,596176.6000,2018-06-25
Chester,2018-01-31,647380.9000,2018-04-16
Chester,2017-08-31,606739.4400,2018-04-16
Chester,2017-09-30,744849.7700,2018-04-16
Chester,2017-07-31,609363.0700,2018-04-16
Chester,2017-11-30,624347.0000,2018-04-16
Chester,2017-12-31,561835.1600,2018-04-16
Chester,2017-10-31,627600.6400,2018-04-16
Chester,2018-06-30,690774.6700,2018-11-29
Chester,2018-05-31,684259.1800,2018-10-17
Claiborne,2018-05-31,1141268.3500,2018-10-17
Claiborne,2018-06-30,1229323.9700,2018-11-29
Claiborne,2017-10-31,1107903.6200,2018-04-16
Claiborne,2017-12-31,1078638.2200,2018-04-16
Claiborne,2017-11-30,1047445.8000,2018-04-16
Claiborne,2017-07-31,1165676.7800,2018-04-16
Claiborne,2017-09-30,1133973.3200,2018-04-16
Claiborne,2017-08-31,1132435.7400,2018-04-16
Claiborne,2018-01-31,1136078.7800,2018-04-16
Claiborne,2018-03-31,1115528.7900,2018-06-25
Claiborne,2018-02-28,846672.6200,2018-04-16
Claiborne,2018-04-30,1166452.3300,2018-05-22
Clay,2018-03-31,180290.3500,2018-06-25
Clay,2018-04-30,244808.3400,2018-05-22
Clay,2018-02-28,199789.8200,2018-04-16
Clay,2017-09-30,268582.2300,2018-04-16
Clay,2018-01-31,217556.2000,2018-04-16
Clay,2017-08-31,317675.0300,2018-04-16
Clay,2017-07-31,305285.1400,2018-04-16
Clay,2017-11-30,219529.1000,2018-04-16
Clay,2017-12-31,216653.5100,2018-04-16
Clay,2017-10-31,260973.3200,2018-04-16
Clay,2018-06-30,322462.3400,2018-11-29
Clay,2018-05-31,243516.0700,2018-10-17
Cocke,2018-05-31,1880011.8200,2018-10-17
Cocke,2018-06-30,2036280.1200,2018-11-29
Cocke,2017-10-31,1977766.2300,2018-04-16
Cocke,2017-12-31,1857334.0600,2018-04-16
Cocke,2017-11-30,1883323.5600,2018-04-16
Cocke,2017-08-31,2110254.8700,2018-04-16
Cocke,2017-07-31,2183513.7100,2018-04-16
Cocke,2017-09-30,1998711.3900,2018-04-16
Cocke,2018-01-31,2055320.5400,2018-04-16
Cocke,2018-02-28,1554622.8000,2018-04-16
Cocke,2018-03-31,1650142.2300,2018-06-25
Cocke,2018-04-30,1976304.0300,2018-05-22
Coffee,2018-04-30,5407218.5400,2018-05-22
Coffee,2018-03-31,4771788.9200,2018-06-25
Coffee,2018-01-31,5755144.4200,2018-04-16
Coffee,2018-02-28,4432114.7100,2018-04-16
Coffee,2017-09-30,5037234.7600,2018-04-16
Coffee,2017-07-31,7661490.0400,2018-04-16
Coffee,2017-08-31,5144759.4400,2018-04-16
Coffee,2017-12-31,5186682.8600,2018-04-16
Coffee,2017-10-31,5103910.2600,2018-04-16
Coffee,2017-11-30,4883277.7300,2018-04-16
Coffee,2018-06-30,5216191.0500,2018-11-29
Coffee,2018-05-31,4893315.5100,2018-10-17
Crockett,2018-05-31,393971.1200,2018-10-17
Crockett,2018-06-30,414297.5200,2018-11-29
Crockett,2017-10-31,353209.1200,2018-04-16
Crockett,2017-12-31,372789.6500,2018-04-16
Crockett,2017-11-30,369151.5900,2018-04-16
Crockett,2017-07-31,408294.5100,2018-04-16
Crockett,2017-09-30,378660.7200,2018-04-16
Crockett,2017-08-31,356719.7500,2018-04-16
Crockett,2018-01-31,360980.2800,2018-04-16
Crockett,2018-03-31,352162.9400,2018-06-25
Crockett,2018-02-28,342654.6400,2018-04-16
Crockett,2018-04-30,414189.0800,2018-05-22
Cumberland,2018-04-30,4568085.9600,2018-05-22
Cumberland,2018-03-31,3734940.5200,2018-06-25
Cumberland,2018-02-28,3639405.2700,2018-04-16
Cumberland,2018-01-31,4712534.3400,2018-04-16
Cumberland,2017-09-30,4467231.5100,2018-04-16
Cumberland,2017-08-31,4469327.2500,2018-04-16
Cumberland,2017-07-31,4623418.2900,2018-04-16
Cumberland,2017-12-31,4160485.7900,2018-04-16
Cumberland,2017-11-30,4161584.1400,2018-04-16
Cumberland,2017-10-31,4419838.0500,2018-04-16
Cumberland,2018-06-30,4687668.4400,2018-11-29
Cumberland,2018-05-31,4321404.6600,2018-10-17
Davidson,2018-05-31,108255814.0400,2018-10-17
Davidson,2018-06-30,114423061.0900,2018-11-29
Davidson,2017-10-31,105698144.5800,2018-04-16
Davidson,2017-11-30,109031829.7000,2018-04-16
Davidson,2017-12-31,102573200.3700,2018-04-16
Davidson,2017-07-31,105298650.8900,2018-04-16
Davidson,2017-08-31,104666424.3100,2018-04-16
Davidson,2017-09-30,106930987.6300,2018-04-16
Davidson,2018-01-31,116825237.8800,2018-04-16
Davidson,2018-02-28,90423480.6500,2018-04-16
Davidson,2018-03-31,97229214.9300,2018-06-25
Davidson,2018-04-30,115123922.9800,2018-05-22
Decatur,2018-04-30,603363.8500,2018-05-22
Decatur,2018-02-28,402372.9600,2018-04-16
Decatur,2018-03-31,439705.1600,2018-06-25
Decatur,2018-01-31,395802.6600,2018-04-16
Decatur,2017-08-31,540959.8000,2018-04-16
Decatur,2017-09-30,588544.2900,2018-04-16
Decatur,2017-07-31,595123.4300,2018-04-16
Decatur,2017-12-31,459906.9500,2018-04-16
Decatur,2017-11-30,510757.9400,2018-04-16
Decatur,2017-10-31,498833.9100,2018-04-16
Decatur,2018-06-30,606029.6600,2018-11-29
Decatur,2018-05-31,521244.9500,2018-10-17
DeKalb,2018-05-31,897208.5100,2018-10-17
DeKalb,2018-06-30,960246.3100,2018-11-29
DeKalb,2017-10-31,977204.2500,2018-04-16
DeKalb,2017-11-30,771715.2100,2018-04-16
DeKalb,2017-12-31,807436.8700,2018-04-16
DeKalb,2017-07-31,1099304.7600,2018-04-16
DeKalb,2017-09-30,907149.3800,2018-04-16
DeKalb,2017-08-31,1025025.0200,2018-04-16
DeKalb,2018-01-31,997269.9300,2018-04-16
DeKalb,2018-03-31,845283.0500,2018-06-25
DeKalb,2018-02-28,810996.1500,2018-04-16
DeKalb,2018-04-30,991628.5900,2018-05-22
Dickson,2018-04-30,4845762.4400,2018-05-22
Dickson,2018-03-31,4173421.8700,2018-06-25
Dickson,2018-02-28,3850649.6000,2018-04-16
Dickson,2018-01-31,5576072.9600,2018-04-16
Dickson,2017-09-30,4406368.0100,2018-04-16
Dickson,2017-07-31,4843661.4200,2018-04-16
Dickson,2017-08-31,4596698.4100,2018-04-16
Dickson,2017-12-31,4391122.8400,2018-04-16
Dickson,2017-10-31,4581894.9800,2018-04-16
Dickson,2017-11-30,4212292.8200,2018-04-16
Dickson,2018-06-30,5197750.2300,2018-11-29
Dickson,2018-05-31,4525158.6200,2018-10-17
Dyer,2018-05-31,2911234.0800,2018-10-17
Dyer,2018-06-30,3040106.4900,2018-11-29
Dyer,2017-11-30,2630159.6600,2018-04-16
Dyer,2017-10-31,2779542.4300,2018-04-16
Dyer,2017-12-31,2699640.1400,2018-04-16
Dyer,2017-08-31,2605949.0800,2018-04-16
Dyer,2017-07-31,3002585.8300,2018-04-16
Dyer,2017-09-30,2766609.8500,2018-04-16
Dyer,2018-01-31,3286896.6200,2018-04-16
Dyer,2018-02-28,2277714.2700,2018-04-16
Dyer,2018-03-31,2537318.3100,2018-06-25
Dyer,2018-04-30,3084742.7300,2018-05-22
Fayette,2018-04-30,1745017.1200,2018-05-22
Fayette,2018-03-31,1429285.7200,2018-06-25
Fayette,2018-02-28,1399949.3300,2018-04-16
Fayette,2018-01-31,1947347.9500,2018-04-16
Fayette,2017-09-30,1681936.4600,2018-04-16
Fayette,2017-08-31,1795034.1200,2018-04-16
Fayette,2017-07-31,1749148.3900,2018-04-16
Fayette,2017-12-31,1565092.3800,2018-04-16
Fayette,2017-10-31,1736961.7800,2018-04-16
Fayette,2017-11-30,1780675.6600,2018-04-16
Fayette,2018-06-30,1789759.9200,2018-11-29
Fayette,2018-05-31,1696256.7500,2018-10-17
Fentress,2018-05-31,746557.6600,2018-10-17
Fentress,2018-06-30,819308.8200,2018-11-29
Fentress,2017-10-31,753907.9000,2018-04-16
Fentress,2017-12-31,751329.8200,2018-04-16
Fentress,2017-11-30,765689.0400,2018-04-16
Fentress,2017-07-31,786604.1600,2018-04-16
Fentress,2017-08-31,737607.8200,2018-04-16
Fentress,2017-09-30,757770.2000,2018-04-16
Fentress,2018-01-31,800318.1000,2018-04-16
Fentress,2018-02-28,614681.4400,2018-04-16
Fentress,2018-03-31,727994.5300,2018-06-25
Fentress,2018-04-30,791702.4700,2018-05-22
Franklin,2018-04-30,2429161.2300,2018-05-22
Franklin,2018-03-31,1912824.0700,2018-06-25
Franklin,2018-02-28,1932912.8800,2018-04-16
Franklin,2018-01-31,2388327.8300,2018-04-16
Franklin,2017-09-30,2339201.9800,2018-04-16
Franklin,2017-07-31,2478920.7200,2018-04-16
Franklin,2017-08-31,2413451.4900,2018-04-16
Franklin,2017-12-31,2170028.9300,2018-04-16
Franklin,2017-10-31,2373998.2000,2018-04-16
Franklin,2017-11-30,2307870.0600,2018-04-16
Franklin,2018-06-30,2587585.5200,2018-11-29
Franklin,2018-05-31,2414065.4100,2018-10-17
Gibson,2018-05-31,2603108.3100,2018-10-17
Gibson,2018-06-30,2760165.2700,2018-11-29
Gibson,2017-11-30,2486464.5400,2018-04-16
Gibson,2017-10-31,2763690.8900,2018-04-16
Gibson,2017-12-31,2257499.0600,2018-04-16
Gibson,2017-08-31,2562531.8500,2018-04-16
Gibson,2017-07-31,2800984.9600,2018-04-16
Gibson,2017-09-30,2637553.9500,2018-04-16
Gibson,2018-01-31,2870003.8500,2018-04-16
Gibson,2018-02-28,2206247.0000,2018-04-16
Gibson,2018-03-31,2420581.3100,2018-06-25
Gibson,2018-04-30,2864886.5200,2018-05-22
Giles,2018-04-30,2082111.2000,2018-05-22
Giles,2018-03-31,1710993.6400,2018-06-25
Giles,2018-02-28,1703715.5200,2018-04-16
Giles,2018-01-31,2097476.3100,2018-04-16
Giles,2017-09-30,1837307.0300,2018-04-16
Giles,2017-08-31,1835728.4600,2018-04-16
Giles,2017-07-31,1890015.4700,2018-04-16
Giles,2017-12-31,1875399.9700,2018-04-16
Giles,2017-11-30,1851649.0000,2018-04-16
Giles,2017-10-31,1841453.2800,2018-04-16
Giles,2018-06-30,1966733.9200,2018-11-29
Giles,2018-05-31,1933670.7600,2018-10-17
Grainger,2018-05-31,486149.0700,2018-10-17
Grainger,2018-06-30,575797.0300,2018-11-29
Grainger,2017-10-31,520555.5900,2018-04-16
Grainger,2017-11-30,508054.9000,2018-04-16
Grainger,2017-12-31,507407.7200,2018-04-16
Grainger,2017-07-31,598962.3300,2018-04-16
Grainger,2017-08-31,545381.1500,2018-04-16
Grainger,2017-09-30,540330.7800,2018-04-16
Grainger,2018-01-31,507417.8200,2018-04-16
Grainger,2018-02-28,440409.7000,2018-04-16
Grainger,2018-03-31,480905.3400,2018-06-25
Grainger,2018-04-30,564731.0300,2018-05-22
Greene,2018-04-30,4322438.5500,2018-05-22
Greene,2018-03-31,3640666.2000,2018-06-25
Greene,2018-02-28,3383609.3100,2018-04-16
Greene,2018-01-31,4433664.0100,2018-04-16
Greene,2017-09-30,3835389.6000,2018-04-16
Greene,2017-08-31,3936653.1600,2018-04-16
Greene,2017-07-31,4430564.2400,2018-04-16
Greene,2017-12-31,3797942.0800,2018-04-16
Greene,2017-11-30,3866486.6800,2018-04-16
Greene,2017-10-31,3889479.7500,2018-04-16
Greene,2018-06-30,4091896.6000,2018-11-29
Greene,2018-05-31,3877049.5400,2018-10-17
Grundy,2018-05-31,333128.6600,2018-10-17
Grundy,2018-06-30,361913.8900,2018-11-29
Grundy,2017-10-31,340251.6300,2018-04-16
Grundy,2017-11-30,296223.0600,2018-04-16
Grundy,2017-12-31,282944.1400,2018-04-16
Grundy,2017-07-31,387057.5300,2018-04-16
Grundy,2017-09-30,326052.1700,2018-04-16
Grundy,2017-08-31,331874.9800,2018-04-16
Grundy,2018-01-31,342310.0200,2018-04-16
Grundy,2018-03-31,285931.7300,2018-06-25
Grundy,2018-02-28,282980.4600,2018-04-16
Grundy,2018-04-30,367710.3100,2018-05-22
Hamblen,2018-04-30,5845404.7000,2018-05-22
Hamblen,2018-03-31,5322551.0500,2018-06-25
Hamblen,2018-02-28,5065664.1200,2018-04-16
Hamblen,2018-01-31,7669595.7600,2018-04-16
Hamblen,2017-09-30,5884118.1200,2018-04-16
Hamblen,2017-08-31,5781242.7400,2018-04-16
Hamblen,2017-07-31,6489226.8800,2018-04-16
Hamblen,2017-12-31,5893681.8600,2018-04-16
Hamblen,2017-11-30,5579770.5400,2018-04-16
Hamblen,2017-10-31,5880560.0100,2018-04-16
Hamblen,2018-06-30,6184183.3300,2018-11-29
Hamblen,2018-05-31,5965474.8400,2018-10-17
Hamilton,2018-05-31,37808063.0900,2018-10-17
Hamilton,2018-06-30,40037900.6800,2018-11-29
Hamilton,2017-10-31,37991463.1000,2018-04-16
Hamilton,2017-11-30,36961465.2500,2018-04-16
Hamilton,2017-12-31,37292019.7100,2018-04-16
Hamilton,2017-07-31,39450058.1800,2018-04-16
Hamilton,2017-08-31,36790458.8800,2018-04-16
Hamilton,2017-09-30,38005860.3400,2018-04-16
Hamilton,2018-01-31,45746988.2200,2018-04-16
Hamilton,2018-02-28,34395691.1800,2018-04-16
Hamilton,2018-03-31,34529487.7700,2018-06-25
Hamilton,2018-04-30,40656216.7500,2018-05-22
Hancock,2018-03-31,111306.9200,2018-06-25
Hancock,2018-04-30,140358.3100,2018-05-22
Hancock,2018-02-28,99176.7800,2018-04-16
Hancock,2018-01-31,115839.0300,2018-04-16
Hancock,2017-09-30,125223.0500,2018-04-16
Hancock,2017-08-31,121894.8000,2018-04-16
Hancock,2017-07-31,137239.2300,2018-04-16
Hancock,2017-11-30,111646.5300,2018-04-16
Hancock,2017-12-31,113013.2700,2018-04-16
Hancock,2017-10-31,126990.9600,2018-04-16
Hancock,2018-06-30,132547.7200,2018-11-29
Hancock,2018-05-31,188759.3900,2018-10-17
Hardeman,2018-05-31,868223.5000,2018-10-17
Hardeman,2018-06-30,972183.9300,2018-11-29
Hardeman,2017-10-31,844890.2700,2018-04-16
Hardeman,2017-12-31,847735.1800,2018-04-16
Hardeman,2017-11-30,839351.6400,2018-04-16
Hardeman,2017-07-31,928194.2800,2018-04-16
Hardeman,2017-08-31,849012.1600,2018-04-16
Hardeman,2017-09-30,943002.6000,2018-04-16
Hardeman,2018-01-31,929225.8900,2018-04-16
Hardeman,2018-02-28,786406.3100,2018-04-16
Hardeman,2018-03-31,820267.1900,2018-06-25
Hardeman,2018-04-30,970870.1900,2018-05-22
Hardin,2018-04-30,2570110.9800,2018-05-22
Hardin,2018-03-31,2052586.9800,2018-06-25
Hardin,2018-02-28,1929368.1500,2018-04-16
Hardin,2018-01-31,2330267.8700,2018-04-16
Hardin,2017-09-30,2261334.7300,2018-04-16
Hardin,2017-07-31,2534941.6200,2018-04-16
Hardin,2017-08-31,2371556.9300,2018-04-16
Hardin,2017-12-31,2218673.8900,2018-04-16
Hardin,2017-10-31,2248747.0200,2018-04-16
Hardin,2017-11-30,2107783.2900,2018-04-16
Hardin,2018-06-30,2598599.5000,2018-11-29
Hardin,2018-05-31,2306383.2100,2018-10-17
Hawkins,2018-05-31,1908355.2500,2018-10-17
Hawkins,2018-06-30,2019333.1300,2018-11-29
Hawkins,2017-11-30,1909819.8700,2018-04-16
Hawkins,2017-10-31,1955416.8000,2018-04-16
Hawkins,2017-12-31,1929422.2000,2018-04-16
Hawkins,2017-08-31,1964386.2800,2018-04-16
Hawkins,2017-07-31,2000395.0600,2018-04-16
Hawkins,2017-09-30,2029971.2500,2018-04-16
Hawkins,2018-01-31,2138860.9900,2018-04-16
Hawkins,2018-02-28,1750680.9200,2018-04-16
Hawkins,2018-03-31,1797471.3600,2018-06-25
Hawkins,2018-04-30,2041586.0700,2018-05-22
Haywood,2018-04-30,899641.4700,2018-05-22
Haywood,2018-03-31,819064.0500,2018-06-25
Haywood,2018-02-28,754514.9600,2018-04-16
Haywood,2018-01-31,928169.9000,2018-04-16
Haywood,2017-09-30,839506.3100,2018-04-16
Haywood,2017-08-31,829110.3500,2018-04-16
Haywood,2017-07-31,859855.1300,2018-04-16
Haywood,2017-12-31,841166.4800,2018-04-16
Haywood,2017-11-30,848459.1900,2018-04-16
Haywood,2017-10-31,849109.8000,2018-04-16
Haywood,2018-06-30,905766.6900,2018-11-29
Haywood,2018-05-31,789838.5600,2018-10-17
Henderson,2018-05-31,1656613.1200,2018-10-17
Henderson,2018-06-30,1745130.0400,2018-11-29
Henderson,2017-10-31,1707005.6100,2018-04-16
Henderson,2017-11-30,1546855.2000,2018-04-16
Henderson,2017-12-31,1694215.1100,2018-04-16
Henderson,2017-07-31,1791140.2200,2018-04-16
Henderson,2017-08-31,1690155.1200,2018-04-16
Henderson,2017-09-30,1724558.7200,2018-04-16
Henderson,2018-01-31,1834811.1800,2018-04-16
Henderson,2018-02-28,1370731.3400,2018-04-16
Henderson,2018-03-31,1516685.4900,2018-06-25
Henderson,2018-04-30,1796157.8600,2018-05-22
Henry,2018-04-30,2643332.3100,2018-05-22
Henry,2018-03-31,2319127.8300,2018-06-25
Henry,2018-01-31,2734101.1800,2018-04-16
Henry,2018-02-28,2125479.6400,2018-04-16
Henry,2017-09-30,2623143.7100,2018-04-16
Henry,2017-07-31,2917543.9500,2018-04-16
Henry,2017-08-31,2655520.9500,2018-04-16
Henry,2017-12-31,2460416.3300,2018-04-16
Henry,2017-10-31,2736254.1800,2018-04-16
Henry,2017-11-30,2519438.8500,2018-04-16
Henry,2018-06-30,2822193.5800,2018-11-29
Henry,2018-05-31,2702314.2200,2018-10-17
Hickman,2018-05-31,608969.7700,2018-10-17
Hickman,2018-06-30,646699.0800,2018-11-29
Hickman,2017-10-31,644234.7000,2018-04-16
Hickman,2017-12-31,574192.6000,2018-04-16
Hickman,2017-11-30,606746.8900,2018-04-16
Hickman,2017-07-31,693688.7600,2018-04-16
Hickman,2017-09-30,636950.0600,2018-04-16
Hickman,2017-08-31,650349.0900,2018-04-16
Hickman,2018-01-31,669295.3000,2018-04-16
Hickman,2018-03-31,537347.5700,2018-06-25
Hickman,2018-02-28,566270.4500,2018-04-16
Hickman,2018-04-30,704417.8900,2018-05-22
Houston,2018-04-30,240859.2500,2018-05-22
Houston,2018-02-28,199408.5400,2018-04-16
Houston,2018-03-31,202722.3900,2018-06-25
Houston,2018-01-31,209144.2300,2018-04-16
Houston,2017-09-30,212886.8900,2018-04-16
Houston,2017-08-31,209478.9500,2018-04-16
Houston,2017-07-31,216033.1700,2018-04-16
Houston,2017-11-30,189381.7000,2018-04-16
Houston,2017-12-31,197739.0000,2018-04-16
Houston,2017-10-31,213683.1700,2018-04-16
Houston,2018-06-30,232132.7600,2018-11-29
Houston,2018-05-31,211439.1000,2018-10-17
Humphreys,2018-05-31,902081.3700,2018-10-17
Humphreys,2018-06-30,931594.4300,2018-11-29
Humphreys,2017-10-31,977128.8500,2018-04-16
Humphreys,2017-12-31,936500.7200,2018-04-16
Humphreys,2017-11-30,1016030.5600,2018-04-16
Humphreys,2017-07-31,1622474.7400,2018-04-16
Humphreys,2017-08-31,932334.3400,2018-04-16
Humphreys,2017-09-30,1055634.6400,2018-04-16
Humphreys,2018-01-31,1502749.4900,2018-04-16
Humphreys,2018-03-31,829773.0800,2018-06-25
Humphreys,2018-02-28,717716.4800,2018-04-16
Humphreys,2018-04-30,960961.4500,2018-05-22
Jackson,2018-03-31,169956.1700,2018-06-25
Jackson,2018-04-30,192134.4700,2018-05-22
Jackson,2018-02-28,137882.2000,2018-04-16
Jackson,2017-09-30,203961.0000,2018-04-16
Jackson,2018-01-31,172241.2200,2018-04-16
Jackson,2017-08-31,185866.4700,2018-04-16
Jackson,2017-07-31,208123.4400,2018-04-16
Jackson,2017-11-30,169962.9500,2018-04-16
Jackson,2017-12-31,151399.9200,2018-04-16
Jackson,2017-10-31,183584.6900,2018-04-16
Jackson,2018-06-30,179016.8100,2018-11-29
Jackson,2018-05-31,203927.7900,2018-10-17
Jefferson,2018-05-31,2720422.4900,2018-10-17
Jefferson,2018-06-30,2942492.5800,2018-11-29
Jefferson,2017-11-30,2543998.6400,2018-04-16
Jefferson,2017-10-31,2732205.7100,2018-04-16
Jefferson,2017-12-31,2486594.5400,2018-04-16
Jefferson,2017-08-31,2363294.7000,2018-04-16
Jefferson,2017-07-31,2904433.7000,2018-04-16
Jefferson,2017-09-30,2793287.1000,2018-04-16
Jefferson,2018-02-28,2325152.6200,2018-04-16
Jefferson,2018-01-31,2845274.0200,2018-04-16
Jefferson,2018-03-31,2435221.5000,2018-06-25
Jefferson,2018-04-30,2803472.0600,2018-05-22
Johnson,2018-04-30,584930.1800,2018-05-22
Johnson,2018-03-31,510332.8100,2018-06-25
Johnson,2018-02-28,478654.4500,2018-04-16
Johnson,2018-01-31,649122.1000,2018-04-16
Johnson,2017-09-30,590732.1200,2018-04-16
Johnson,2017-08-31,663641.5600,2018-04-16
Johnson,2017-07-31,645953.8100,2018-04-16
Johnson,2017-12-31,526851.9300,2018-04-16
Johnson,2017-11-30,538580.3900,2018-04-16
Johnson,2017-10-31,599982.6000,2018-04-16
Johnson,2018-06-30,579471.2600,2018-11-29
Johnson,2018-05-31,554190.2600,2018-10-17
Knox,2018-05-31,55000480.0700,2018-10-17
Knox,2018-06-30,57645870.7000,2018-11-29
Knox,2017-11-30,51940892.3500,2018-04-16
Knox,2017-10-31,54392418.1300,2018-04-16
Knox,2017-12-31,54637892.0400,2018-04-16
Knox,2017-08-31,53563466.5200,2018-04-16
Knox,2017-07-31,55268122.2500,2018-04-16
Knox,2017-09-30,54551980.7900,2018-04-16
Knox,2018-02-28,48546696.9200,2018-04-16
Knox,2018-01-31,64862339.0600,2018-04-16
Knox,2018-03-31,48943681.8900,2018-06-25
Knox,2018-04-30,57017668.6400,2018-05-22
Lake,2018-03-31,134111.8900,2018-06-25
Lake,2018-04-30,160410.0900,2018-05-22
Lake,2018-02-28,131593.8100,2018-04-16
Lake,2017-09-30,128810.8900,2018-04-16
Lake,2018-01-31,168973.0600,2018-04-16
Lake,2017-08-31,139042.9800,2018-04-16
Lake,2017-07-31,155243.3400,2018-04-16
Lake,2017-11-30,143317.8200,2018-04-16
Lake,2017-12-31,126658.5900,2018-04-16
Lake,2017-10-31,154753.8700,2018-04-16
Lake,2018-06-30,161903.8100,2018-11-29
Lake,2018-05-31,155611.2900,2018-10-17
Lauderdale,2018-05-31,758655.4700,2018-10-17
Lauderdale,2018-06-30,835132.3100,2018-11-29
Lauderdale,2017-10-31,759156.0700,2018-04-16
Lauderdale,2017-12-31,902604.7900,2018-04-16
Lauderdale,2017-11-30,736716.1800,2018-04-16
Lauderdale,2017-07-31,859357.3700,2018-04-16
Lauderdale,2017-08-31,738961.9800,2018-04-16
Lauderdale,2017-09-30,679430.0700,2018-04-16
Lauderdale,2018-01-31,867081.7000,2018-04-16
Lauderdale,2018-02-28,712186.5700,2018-04-16
Lauderdale,2018-03-31,761011.3300,2018-06-25
Lauderdale,2018-04-30,867980.8100,2018-05-22
Lawrence,2018-04-30,2663936.0800,2018-05-22
Lawrence,2018-03-31,2245065.8700,2018-06-25
Lawrence,2018-02-28,2034741.6300,2018-04-16
Lawrence,2018-01-31,2691293.7300,2018-04-16
Lawrence,2017-09-30,2274969.5400,2018-04-16
Lawrence,2017-07-31,2561495.7700,2018-04-16
Lawrence,2017-08-31,2349613.5000,2018-04-16
Lawrence,2017-12-31,2343506.4300,2018-04-16
Lawrence,2017-10-31,2304402.7900,2018-04-16
Lawrence,2017-11-30,2219624.3300,2018-04-16
Lawrence,2018-06-30,2535775.2700,2018-11-29
Lawrence,2018-05-31,2503364.7700,2018-10-17
Lewis,2018-05-31,626836.8100,2018-10-17
Lewis,2018-06-30,694647.8900,2018-11-29
Lewis,2017-10-31,606139.0600,2018-04-16
Lewis,2017-12-31,618735.5400,2018-04-16
Lewis,2017-11-30,634485.9300,2018-04-16
Lewis,2017-07-31,637555.0600,2018-04-16
Lewis,2017-09-30,621034.3900,2018-04-16
Lewis,2017-08-31,557566.6800,2018-04-16
Lewis,2018-01-31,618288.3900,2018-04-16
Lewis,2018-03-31,562934.2800,2018-06-25
Lewis,2018-02-28,507697.5000,2018-04-16
Lewis,2018-04-30,738499.5600,2018-05-22
Lincoln,2018-04-30,1966618.0700,2018-05-22
Lincoln,2018-02-28,1637586.9500,2018-04-16
Lincoln,2018-03-31,1681266.3500,2018-06-25
Lincoln,2018-01-31,2061769.9300,2018-04-16
Lincoln,2017-08-31,1829627.1000,2018-04-16
Lincoln,2017-09-30,1891957.3700,2018-04-16
Lincoln,2017-07-31,1972472.6400,2018-04-16
Lincoln,2017-12-31,1811354.9800,2018-04-16
Lincoln,2017-10-31,1885143.3100,2018-04-16
Lincoln,2017-11-30,1743545.0900,2018-04-16
Lincoln,2018-06-30,2151730.4900,2018-11-29
Lincoln,2018-05-31,1808150.0000,2018-10-17
Loudon,2018-05-31,3995627.3900,2018-10-17
Loudon,2018-06-30,4106132.7100,2018-11-29
Loudon,2017-11-30,3687434.8900,2018-04-16
Loudon,2017-10-31,3856541.3500,2018-04-16
Loudon,2017-12-31,3546779.5000,2018-04-16
Loudon,2017-07-31,4092371.4700,2018-04-16
Loudon,2017-08-31,3938541.8100,2018-04-16
Loudon,2017-09-30,3796156.9300,2018-04-16
Loudon,2018-01-31,3779365.9100,2018-04-16
Loudon,2018-02-28,3577147.4900,2018-04-16
Loudon,2018-03-31,3272410.3500,2018-06-25
Loudon,2018-04-30,4034355.5000,2018-05-22
Macon,2018-04-30,1167423.5700,2018-05-22
Macon,2018-03-31,1000176.1500,2018-06-25
Macon,2018-02-28,939981.3700,2018-04-16
Macon,2018-01-31,1209227.3300,2018-04-16
Macon,2017-09-30,1092250.3000,2018-04-16
Macon,2017-08-31,1007124.1600,2018-04-16
Macon,2017-07-31,1122816.7400,2018-04-16
Macon,2017-11-30,1053472.2000,2018-04-16
Macon,2017-12-31,1076660.7900,2018-04-16
Macon,2017-10-31,1089979.3500,2018-04-16
Macon,2018-06-30,1140942.6800,2018-11-29
Macon,2018-05-31,1038794.8300,2018-10-17
Madison,2018-05-31,11672443.0000,2018-10-17
Madison,2018-06-30,12999967.1800,2018-11-29
Madison,2017-10-31,11863421.4900,2018-04-16
Madison,2017-11-30,11515958.5700,2018-04-16
Madison,2017-12-31,11608164.8500,2018-04-16
Madison,2017-07-31,12591809.6500,2018-04-16
Madison,2017-08-31,12105915.7800,2018-04-16
Madison,2017-09-30,11883267.0200,2018-04-16
Madison,2018-01-31,15016329.1000,2018-04-16
Madison,2018-02-28,10069760.4300,2018-04-16
Madison,2018-03-31,10719092.1600,2018-06-25
Madison,2018-04-30,12808889.8800,2018-05-22
Marion,2018-04-30,2033474.1200,2018-05-22
Marion,2018-02-28,1516196.4100,2018-04-16
Marion,2018-03-31,1669956.7800,2018-06-25
Marion,2018-01-31,2093469.8300,2018-04-16
Marion,2017-09-30,2044134.4000,2018-04-16
Marion,2017-08-31,1932326.1000,2018-04-16
Marion,2017-07-31,2202591.7400,2018-04-16
Marion,2017-11-30,1793133.9200,2018-04-16
Marion,2017-12-31,1759055.3500,2018-04-16
Marion,2017-10-31,2059289.7000,2018-04-16
Marion,2018-06-30,1960541.0700,2018-11-29
Marion,2018-05-31,1871655.4600,2018-10-17
Marshall,2018-05-31,2014074.2400,2018-10-17
Marshall,2018-06-30,2074514.1400,2018-11-29
Marshall,2017-10-31,1902735.0000,2018-04-16
Marshall,2017-11-30,1947073.8400,2018-04-16
Marshall,2017-12-31,1928995.2300,2018-04-16
Marshall,2017-07-31,2050069.8300,2018-04-16
Marshall,2017-08-31,2036094.9900,2018-04-16
Marshall,2017-09-30,2013927.2400,2018-04-16
Marshall,2018-01-31,2075121.8400,2018-04-16
Marshall,2018-03-31,1796485.0900,2018-06-25
Marshall,2018-02-28,1747537.9800,2018-04-16
Marshall,2018-04-30,2268928.3900,2018-05-22
Maury,2018-04-30,8751977.4200,2018-05-22
Maury,2018-03-31,7548819.5400,2018-06-25
Maury,2018-01-31,9798074.4100,2018-04-16
Maury,2018-02-28,7158970.2500,2018-04-16
Maury,2017-09-30,7758497.2100,2018-04-16
Maury,2017-08-31,8051981.1500,2018-04-16
Maury,2017-07-31,8824131.8600,2018-04-16
Maury,2017-12-31,8230679.7500,2018-04-16
Maury,2017-11-30,7942142.4600,2018-04-16
Maury,2017-10-31,8268045.9800,2018-04-16
Maury,2018-06-30,8694547.1300,2018-11-29
Maury,2018-05-31,7719687.4900,2018-10-17
McMinn,2018-05-31,3313029.0400,2018-10-17
McMinn,2018-06-30,3672226.7900,2018-11-29
McMinn,2017-10-31,3384511.9500,2018-04-16
McMinn,2017-11-30,3055423.5600,2018-04-16
McMinn,2017-12-31,3258919.8300,2018-04-16
McMinn,2017-07-31,3443993.7400,2018-04-16
McMinn,2017-08-31,3104762.3500,2018-04-16
McMinn,2017-09-30,3243391.7500,2018-04-16
McMinn,2018-02-28,2797404.9300,2018-04-16
McMinn,2018-01-31,3748071.6400,2018-04-16
McMinn,2018-03-31,3436016.8500,2018-06-25
McMinn,2018-04-30,3633124.1400,2018-05-22
McNairy,2018-04-30,1162612.4500,2018-05-22
McNairy,2018-03-31,917267.6600,2018-06-25
McNairy,2018-02-28,825264.5700,2018-04-16
McNairy,2018-01-31,1123691.9600,2018-04-16
McNairy,2017-09-30,914771.1900,2018-04-16
McNairy,2017-08-31,969239.7900,2018-04-16
McNairy,2017-07-31,1096880.3800,2018-04-16
McNairy,2017-12-31,931396.0400,2018-04-16
McNairy,2017-11-30,903802.9300,2018-04-16
McNairy,2017-10-31,948822.4100,2018-04-16
McNairy,2018-06-30,1085646.7500,2018-11-29
McNairy,2018-05-31,1046078.8600,2018-10-17
Meigs,2018-05-31,471437.4000,2018-10-17
Meigs,2018-06-30,493001.8200,2018-11-29
Meigs,2017-10-31,483040.2800,2018-04-16
Meigs,2017-11-30,466063.6400,2018-04-16
Meigs,2017-12-31,445283.1500,2018-04-16
Meigs,2017-07-31,505716.8100,2018-04-16
Meigs,2017-08-31,547843.9500,2018-04-16
Meigs,2017-09-30,562136.3100,2018-04-16
Meigs,2018-01-31,458129.0700,2018-04-16
Meigs,2018-02-28,416141.2600,2018-04-16
Meigs,2018-03-31,498005.5400,2018-06-25
Meigs,2018-04-30,520007.8400,2018-05-22
Monroe,2018-04-30,2529392.6400,2018-05-22
Monroe,2018-03-31,2254738.6200,2018-06-25
Monroe,2018-02-28,2069804.8800,2018-04-16
Monroe,2018-01-31,2586138.8900,2018-04-16
Monroe,2017-09-30,2478818.2700,2018-04-16
Monroe,2017-08-31,2517133.5600,2018-04-16
Monroe,2017-07-31,2770533.3100,2018-04-16
Monroe,2017-12-31,2341774.0600,2018-04-16
Monroe,2017-11-30,2384138.9100,2018-04-16
Monroe,2017-10-31,2435516.6200,2018-04-16
Monroe,2018-06-30,2668395.6400,2018-11-29
Monroe,2018-05-31,2570351.8700,2018-10-17
Montgomery,2018-05-31,15795970.4000,2018-10-17
Montgomery,2018-06-30,16354824.1000,2018-11-29
Montgomery,2017-10-31,15811023.9600,2018-04-16
Montgomery,2017-11-30,14565098.7600,2018-04-16
Montgomery,2017-12-31,15111688.3500,2018-04-16
Montgomery,2017-07-31,15797107.5500,2018-04-16
Montgomery,2017-08-31,14894979.7600,2018-04-16
Montgomery,2017-09-30,14300116.1000,2018-04-16
Montgomery,2018-01-31,18733082.9800,2018-04-16
Montgomery,2018-02-28,13039166.3800,2018-04-16
Montgomery,2018-03-31,14336038.0500,2018-06-25
Montgomery,2018-04-30,16881741.4300,2018-05-22
Moore,2018-03-31,158000.2600,2018-06-25
Moore,2018-04-30,231368.1400,2018-05-22
Moore,2018-02-28,152665.6700,2018-04-16
Moore,2018-01-31,215319.3200,2018-04-16
Moore,2017-09-30,240409.0900,2018-04-16
Moore,2017-08-31,256235.3500,2018-04-16
Moore,2017-07-31,307451.7500,2018-04-16
Moore,2017-11-30,252979.8800,2018-04-16
Moore,2017-12-31,197359.3800,2018-04-16
Moore,2017-10-31,240994.2300,2018-04-16
Moore,2018-06-30,252669.0700,2018-11-29
Moore,2018-05-31,243634.0900,2018-10-17
Morgan,2018-05-31,363029.1700,2018-10-17
Morgan,2018-06-30,377473.1900,2018-11-29
Morgan,2017-10-31,364313.3200,2018-04-16
Morgan,2017-12-31,305308.2600,2018-04-16
Morgan,2017-11-30,426092.8900,2018-04-16
Morgan,2017-07-31,374486.0400,2018-04-16
Morgan,2017-08-31,307502.2100,2018-04-16
Morgan,2017-09-30,386031.7800,2018-04-16
Morgan,2018-01-31,536927.7500,2018-04-16
Morgan,2018-02-28,312673.1400,2018-04-16
Morgan,2018-03-31,295233.5300,2018-06-25
Morgan,2018-04-30,353854.3400,2018-05-22
Obion,2018-04-30,2523216.5600,2018-05-22
Obion,2018-03-31,2103271.3700,2018-06-25
Obion,2018-02-28,1850674.4700,2018-04-16
Obion,2018-01-31,2467399.8100,2018-04-16
Obion,2017-09-30,2170296.9100,2018-04-16
Obion,2017-08-31,2160777.0000,2018-04-16
Obion,2017-07-31,2294957.7500,2018-04-16
Obion,2017-12-31,2589461.1600,2018-04-16
Obion,2017-11-30,2172842.0000,2018-04-16
Obion,2017-10-31,2189154.9500,2018-04-16
Obion,2018-06-30,2444344.8100,2018-11-29
Obion,2018-05-31,2307483.3900,2018-10-17
Out of State,2018-05-31,128945700.6300,2018-10-17
Out of State,2018-06-30,127905122.1300,2018-11-29
Out of State,2017-10-31,129835178.0100,2018-04-16
Out of State,2017-11-30,123236378.8400,2018-04-16
Out of State,2017-07-31,118742919.5500,2018-04-16
Out of State,2017-12-31,140134849.0600,2018-04-16
Out of State,2017-08-31,117027827.8400,2018-04-16
Out of State,2017-09-30,121018299.0800,2018-04-16
Out of State,2018-01-31,207948680.1300,2018-04-16
Out of State,2018-02-28,125556296.8400,2018-04-16
Out of State,2018-03-31,118561619.5900,2018-06-25
Out of State,2018-04-30,142415767.5000,2018-05-22
Overton,2018-04-30,1075005.3600,2018-05-22
Overton,2018-02-28,782647.1900,2018-04-16
Overton,2018-03-31,1033623.5200,2018-06-25
Overton,2018-01-31,977434.6500,2018-04-16
Overton,2017-08-31,941578.4300,2018-04-16
Overton,2017-09-30,905100.6800,2018-04-16
Overton,2017-07-31,1108556.8900,2018-04-16
Overton,2017-11-30,926685.8500,2018-04-16
Overton,2017-12-31,944370.4800,2018-04-16
Overton,2017-10-31,990234.4500,2018-04-16
Overton,2018-06-30,994527.7300,2018-11-29
Overton,2018-05-31,966708.1300,2018-10-17
Perry,2018-05-31,250789.7600,2018-10-17
Perry,2018-06-30,278122.3800,2018-11-29
Perry,2017-10-31,254167.0400,2018-04-16
Perry,2017-12-31,227920.5000,2018-04-16
Perry,2017-11-30,234668.8200,2018-04-16
Perry,2017-07-31,294039.6500,2018-04-16
Perry,2017-08-31,269747.4500,2018-04-16
Perry,2018-01-31,259616.3200,2018-04-16
Perry,2017-09-30,274027.0900,2018-04-16
Perry,2018-03-31,218193.8100,2018-06-25
Perry,2018-02-28,199396.6900,2018-04-16
Perry,2018-04-30,249688.8500,2018-05-22
Pickett,2018-04-30,207832.6400,2018-05-22
Pickett,2018-02-28,229138.0400,2018-04-16
Pickett,2018-03-31,208814.2000,2018-06-25
Pickett,2018-01-31,224269.7500,2018-04-16
Pickett,2017-08-31,329690.8800,2018-04-16
Pickett,2017-09-30,335005.2800,2018-04-16
Pickett,2017-07-31,357713.0900,2018-04-16
Pickett,2017-11-30,224668.0400,2018-04-16
Pickett,2017-12-31,251736.1300,2018-04-16
Pickett,2017-10-31,276509.3200,2018-04-16
Pickett,2018-06-30,290501.9000,2018-11-29
Pickett,2018-05-31,270511.7800,2018-10-17
Polk,2018-05-31,383488.7000,2018-10-17
Polk,2018-06-30,474360.6000,2018-11-29
Polk,2017-10-31,513564.5300,2018-04-16
Polk,2017-12-31,369644.5900,2018-04-16
Polk,2017-11-30,444685.0700,2018-04-16
Polk,2017-07-31,539777.3100,2018-04-16
Polk,2017-09-30,485690.4500,2018-04-16
Polk,2017-08-31,495468.8100,2018-04-16
Polk,2018-01-31,430128.5700,2018-04-16
Polk,2018-03-31,360087.3700,2018-06-25
Polk,2018-02-28,350099.6900,2018-04-16
Polk,2018-04-30,421083.0900,2018-05-22
Putnam,2018-04-30,9196308.5500,2018-05-22
Putnam,2018-03-31,7684309.8700,2018-06-25
Putnam,2018-02-28,7183074.0100,2018-04-16
Putnam,2018-01-31,9917714.5500,2018-04-16
Putnam,2017-09-30,8544488.1900,2018-04-16
Putnam,2017-08-31,8635262.6000,2018-04-16
Putnam,2017-07-31,8946138.5500,2018-04-16
Putnam,2017-12-31,8521860.8000,2018-04-16
Putnam,2017-11-30,8096178.8300,2018-04-16
Putnam,2017-10-31,8537879.0500,2018-04-16
Putnam,2018-06-30,9154749.4100,2018-11-29
Putnam,2018-05-31,8261164.0400,2018-10-17
Rhea,2018-05-31,1699368.4200,2018-10-17
Rhea,2018-06-30,1839911.2300,2018-11-29
Rhea,2017-10-31,1681231.6200,2018-04-16
Rhea,2017-11-30,1717346.4500,2018-04-16
Rhea,2017-12-31,1633797.2100,2018-04-16
Rhea,2017-07-31,1778830.8700,2018-04-16
Rhea,2017-08-31,1701907.7800,2018-04-16
Rhea,2017-09-30,1740579.9900,2018-04-16
Rhea,2018-01-31,1774893.9100,2018-04-16
Rhea,2018-02-28,1448606.2000,2018-04-16
Rhea,2018-03-31,1516547.5700,2018-06-25
Rhea,2018-04-30,1787089.7100,2018-05-22
Roane,2018-04-30,3527822.0600,2018-05-22
Roane,2018-03-31,3185843.9800,2018-06-25
Roane,2018-01-31,3934414.0800,2018-04-16
Roane,2018-02-28,2972731.1400,2018-04-16
Roane,2017-09-30,3611362.0400,2018-04-16
Roane,2017-07-31,3863852.7200,2018-04-16
Roane,2017-08-31,3559941.0800,2018-04-16
Roane,2017-12-31,3393418.7200,2018-04-16
Roane,2017-11-30,3364024.0600,2018-04-16
Roane,2017-10-31,3760313.5600,2018-04-16
Roane,2018-06-30,3852966.1400,2018-11-29
Roane,2018-05-31,3716057.7000,2018-10-17
Robertson,2018-05-31,4264875.3200,2018-10-17
Robertson,2018-06-30,4661428.5300,2018-11-29
Robertson,2017-10-31,4370264.7400,2018-04-16
Robertson,2017-11-30,4273498.2900,2018-04-16
Robertson,2017-12-31,4236939.0000,2018-04-16
Robertson,2017-08-31,4309501.2000,2018-04-16
Robertson,2017-07-31,4534861.6200,2018-04-16
Robertson,2017-09-30,4487515.7500,2018-04-16
Robertson,2018-02-28,3694424.5000,2018-04-16
Robertson,2018-01-31,5364935.0800,2018-04-16
Robertson,2018-03-31,3943601.5800,2018-06-25
Robertson,2018-04-30,4396061.0000,2018-05-22
Rutherford,2018-04-30,33290900.4600,2018-05-22
Rutherford,2018-03-31,28540457.5700,2018-06-25
Rutherford,2018-01-31,36208461.9200,2018-04-16
Rutherford,2018-02-28,27504558.6700,2018-04-16
Rutherford,2017-09-30,30047517.8200,2018-04-16
Rutherford,2017-07-31,31060824.6900,2018-04-16
Rutherford,2017-08-31,30343753.6400,2018-04-16
Rutherford,2017-12-31,29708811.8700,2018-04-16
Rutherford,2017-11-30,29609922.8000,2018-04-16
Rutherford,2017-10-31,30324872.1700,2018-04-16
Rutherford,2018-06-30,32696955.8900,2018-11-29
Rutherford,2018-05-31,30372272.9300,2018-10-17
Scott,2018-05-31,899309.2100,2018-10-17
Scott,2018-06-30,1020777.7800,2018-11-29
Scott,2017-10-31,962247.8100,2018-04-16
Scott,2017-11-30,894382.3200,2018-04-16
Scott,2017-12-31,870375.5600,2018-04-16
Scott,2017-07-31,909002.2900,2018-04-16
Scott,2017-08-31,887148.3700,2018-04-16
Scott,2017-09-30,878115.2900,2018-04-16
Scott,2018-01-31,999295.2300,2018-04-16
Scott,2018-02-28,775245.9800,2018-04-16
Scott,2018-03-31,868642.8500,2018-06-25
Scott,2018-04-30,1015207.7800,2018-05-22
Sequatchie,2018-04-30,705522.9700,2018-05-22
Sequatchie,2018-03-31,565955.6500,2018-06-25
Sequatchie,2018-02-28,547121.5900,2018-04-16
Sequatchie,2018-01-31,682748.6800,2018-04-16
Sequatchie,2017-09-30,588240.0600,2018-04-16
Sequatchie,2017-08-31,612000.6600,2018-04-16
Sequatchie,2017-07-31,671032.0700,2018-04-16
Sequatchie,2017-12-31,609131.0900,2018-04-16
Sequatchie,2017-11-30,626777.7100,2018-04-16
Sequatchie,2017-10-31,735023.2100,2018-04-16
Sequatchie,2018-06-30,726434.3500,2018-11-29
Sequatchie,2018-05-31,644546.9800,2018-10-17
Sevier,2018-05-31,20843433.4100,2018-10-17
Sevier,2018-06-30,20320800.3000,2018-11-29
Sevier,2017-10-31,21243342.2500,2018-04-16
Sevier,2017-11-30,23968086.3200,2018-04-16
Sevier,2017-12-31,22424209.0300,2018-04-16
Sevier,2017-07-31,24778754.3000,2018-04-16
Sevier,2017-08-31,28013604.5000,2018-04-16
Sevier,2017-09-30,21883715.4800,2018-04-16
Sevier,2018-02-28,13345450.5300,2018-04-16
Sevier,2018-01-31,24678622.3700,2018-04-16
Sevier,2018-03-31,13818984.4900,2018-06-25
Sevier,2018-04-30,21941973.6800,2018-05-22
Shelby,2018-04-30,89686197.7500,2018-05-22
Shelby,2018-03-31,74887521.2600,2018-06-25
Shelby,2018-01-31,100979058.5800,2018-04-16
Shelby,2018-02-28,73266775.3700,2018-04-16
Shelby,2017-09-30,81511496.6700,2018-04-16
Shelby,2017-08-31,78740709.5400,2018-04-16
Shelby,2017-12-31,77892056.0300,2018-04-16
Shelby,2017-07-31,84736431.9200,2018-04-16
Shelby,2017-11-30,79475985.2800,2018-04-16
Shelby,2017-10-31,81445579.1500,2018-04-16
Shelby,2018-06-30,87549624.2300,2018-11-29
Shelby,2018-05-31,81663091.4800,2018-10-17
Smith,2018-05-31,921298.7500,2018-10-17
Smith,2018-06-30,1126147.7900,2018-11-29
Smith,2017-10-31,913481.9300,2018-04-16
Smith,2017-12-31,915825.4000,2018-04-16
Smith,2017-11-30,859044.3100,2018-04-16
Smith,2017-07-31,991841.8800,2018-04-16
Smith,2017-08-31,937556.3200,2018-04-16
Smith,2017-09-30,911524.2100,2018-04-16
Smith,2018-01-31,1084870.9200,2018-04-16
Smith,2018-02-28,842992.6500,2018-04-16
Smith,2018-03-31,836340.5700,2018-06-25
Smith,2018-04-30,1011330.7200,2018-05-22
Stewart,2018-04-30,434893.5900,2018-05-22
Stewart,2018-03-31,342591.5400,2018-06-25
Stewart,2018-02-28,318618.0100,2018-04-16
Stewart,2018-01-31,393025.0900,2018-04-16
Stewart,2017-09-30,445789.9000,2018-04-16
Stewart,2017-08-31,394873.4100,2018-04-16
Stewart,2017-07-31,521562.4200,2018-04-16
Stewart,2017-11-30,411818.6500,2018-04-16
Stewart,2017-12-31,382088.5800,2018-04-16
Stewart,2017-10-31,427370.5600,2018-04-16
Stewart,2018-06-30,471947.2300,2018-11-29
Stewart,2018-05-31,457374.8800,2018-10-17
Sullivan,2018-05-31,14534463.4000,2018-10-17
Sullivan,2018-06-30,15253229.2400,2018-11-29
Sullivan,2017-11-30,15368737.3500,2018-04-16
Sullivan,2017-10-31,14211721.7700,2018-04-16
Sullivan,2017-12-31,14641772.2200,2018-04-16
Sullivan,2017-08-31,14552611.0300,2018-04-16
Sullivan,2017-07-31,14981976.7100,2018-04-16
Sullivan,2017-09-30,15249351.8100,2018-04-16
Sullivan,2018-02-28,15521041.1700,2018-04-16
Sullivan,2018-01-31,17391228.8500,2018-04-16
Sullivan,2018-03-31,13522250.1000,2018-06-25
Sullivan,2018-04-30,15157140.0100,2018-05-22
Sumner,2018-04-30,13158405.5200,2018-05-22
Sumner,2018-03-31,10931906.2400,2018-06-25
Sumner,2018-01-31,15222138.2700,2018-04-16
Sumner,2018-02-28,10639102.3300,2018-04-16
Sumner,2017-09-30,11988188.9200,2018-04-16
Sumner,2017-07-31,12947311.6500,2018-04-16
Sumner,2017-08-31,11736772.5900,2018-04-16
Sumner,2017-12-31,11918440.3500,2018-04-16
Sumner,2017-10-31,12118459.4200,2018-04-16
Sumner,2017-11-30,11733285.0600,2018-04-16
Sumner,2018-06-30,13206877.7100,2018-11-29
Sumner,2018-05-31,12036782.8400,2018-10-17
Tipton,2018-05-31,2294101.9900,2018-10-17
Tipton,2018-06-30,2567948.3700,2018-11-29
Tipton,2017-11-30,2249688.9600,2018-04-16
Tipton,2017-10-31,2274513.3300,2018-04-16
Tipton,2017-12-31,2218538.3700,2018-04-16
Tipton,2017-08-31,2229262.8900,2018-04-16
Tipton,2017-07-31,2430908.0600,2018-04-16
Tipton,2017-09-30,2277215.8300,2018-04-16
Tipton,2018-02-28,2174026.4100,2018-04-16
Tipton,2018-01-31,2653933.2000,2018-04-16
Tipton,2018-03-31,2275449.2200,2018-06-25
Tipton,2018-04-30,2671748.0000,2018-05-22
Trousdale,2018-04-30,304112.4800,2018-05-22
Trousdale,2018-03-31,271697.4600,2018-06-25
Trousdale,2018-02-28,247563.8900,2018-04-16
Trousdale,2018-01-31,277975.5400,2018-04-16
Trousdale,2017-09-30,287092.9000,2018-04-16
Trousdale,2017-08-31,258901.9200,2018-04-16
Trousdale,2017-07-31,310425.7200,2018-04-16
Trousdale,2017-12-31,264412.1700,2018-04-16
Trousdale,2017-11-30,272038.5100,2018-04-16
Trousdale,2017-10-31,277565.8500,2018-04-16
Trousdale,2018-06-30,286850.5100,2018-11-29
Trousdale,2018-05-31,266829.5000,2018-10-17
Unicoi,2018-05-31,677552.1500,2018-10-17
Unicoi,2018-06-30,737325.3700,2018-11-29
Unicoi,2017-10-31,683612.4800,2018-04-16
Unicoi,2017-11-30,712614.7300,2018-04-16
Unicoi,2017-12-31,715298.5300,2018-04-16
Unicoi,2017-07-31,730438.9200,2018-04-16
Unicoi,2017-08-31,681504.0200,2018-04-16
Unicoi,2017-09-30,714758.9500,2018-04-16
Unicoi,2018-01-31,884757.6900,2018-04-16
Unicoi,2018-02-28,655213.7700,2018-04-16
Unicoi,2018-03-31,662553.1800,2018-06-25
Unicoi,2018-04-30,761587.2300,2018-05-22
Union,2018-04-30,514760.2100,2018-05-22
Union,2018-03-31,264126.4600,2018-06-25
Union,2018-02-28,401851.6400,2018-04-16
Union,2018-01-31,429504.2500,2018-04-16
Union,2017-09-30,460279.7800,2018-04-16
Union,2017-08-31,500400.5100,2018-04-16
Union,2017-07-31,524568.7000,2018-04-16
Union,2017-12-31,438594.1000,2018-04-16
Union,2017-11-30,429938.6700,2018-04-16
Union,2017-10-31,443526.0800,2018-04-16
Union,2018-06-30,549711.8300,2018-11-29
Union,2018-05-31,470201.9100,2018-10-17
Van Buren,2018-05-31,98981.4100,2018-10-17
Van Buren,2018-06-30,96471.6000,2018-11-29
Van Buren,2018-03-31,90167.5200,2018-06-25
VanBuren,2018-04-30,107372.8400,2018-05-22
VanBuren,2018-02-28,118859.4200,2018-04-16
VanBuren,2017-08-31,158212.6000,2018-04-16
VanBuren,2018-01-31,85512.7200,2018-04-16
VanBuren,2017-09-30,137440.7600,2018-04-16
VanBuren,2017-10-31,126483.3600,2018-04-16
VanBuren,2017-11-30,144126.6700,2018-04-16
VanBuren,2017-12-31,109532.6200,2018-04-16
VanBuren,2017-07-31,155158.2800,2018-04-16
Warren,2017-08-31,2273718.8500,2018-04-16
Warren,2017-07-31,2413661.7000,2018-04-16
Warren,2017-12-31,2205925.3300,2018-04-16
Warren,2017-11-30,2121146.3700,2018-04-16
Warren,2017-10-31,2677483.3100,2018-04-16
Warren,2018-06-30,2365136.8700,2018-11-29
Warren,2018-05-31,2256848.5600,2018-10-17
Warren,2018-01-31,2569857.9700,2018-04-16
Warren,2017-09-30,2239933.7300,2018-04-16
Warren,2018-02-28,1927233.1000,2018-04-16
Warren,2018-03-31,2090827.4700,2018-06-25
Warren,2018-04-30,2417246.1000,2018-05-22
Washington,2018-04-30,13425317.3200,2018-05-22
Washington,2018-03-31,11311582.0800,2018-06-25
Washington,2017-09-30,12632972.7600,2018-04-16
Washington,2018-01-31,14824724.5500,2018-04-16
Washington,2018-02-28,11215437.5300,2018-04-16
Washington,2018-05-31,12366369.5200,2018-10-17
Washington,2018-06-30,12873001.9300,2018-11-29
Washington,2017-10-31,12649664.4600,2018-04-16
Washington,2017-11-30,12189422.8500,2018-04-16
Washington,2017-12-31,12713009.1000,2018-04-16
Washington,2017-07-31,13259763.1800,2018-04-16
Washington,2017-08-31,12299135.5700,2018-04-16
Wayne,2017-07-31,477234.9000,2018-04-16
Wayne,2017-11-30,470980.6900,2018-04-16
Wayne,2017-12-31,398930.7600,2018-04-16
Wayne,2017-10-31,476095.0100,2018-04-16
Wayne,2018-06-30,470320.9500,2018-11-29
Wayne,2018-05-31,437658.6900,2018-10-17
Wayne,2018-01-31,456509.7300,2018-04-16
Wayne,2017-08-31,444252.5400,2018-04-16
Wayne,2017-09-30,477628.2600,2018-04-16
Wayne,2018-02-28,383110.9500,2018-04-16
Wayne,2018-03-31,396468.4000,2018-06-25
Wayne,2018-04-30,445140.7100,2018-05-22
Weakley,2018-04-30,1733625.1700,2018-05-22
Weakley,2018-03-31,1514587.7400,2018-06-25
Weakley,2018-02-28,1363119.2300,2018-04-16
Weakley,2017-09-30,1564407.3800,2018-04-16
Weakley,2017-08-31,1505449.5600,2018-04-16
Weakley,2018-01-31,1794816.0400,2018-04-16
Weakley,2018-05-31,1596818.1800,2018-10-17
Weakley,2018-06-30,1659915.0400,2018-11-29
Weakley,2017-11-30,1600368.0600,2018-04-16
Weakley,2017-10-31,1635380.0200,2018-04-16
Weakley,2017-12-31,1622946.4600,2018-04-16
Weakley,2017-07-31,1560215.3000,2018-04-16
White,2017-07-31,1467701.0800,2018-04-16
White,2017-12-31,1271154.1600,2018-04-16
White,2017-11-30,1288929.4200,2018-04-16
White,2017-10-31,1351649.3400,2018-04-16
White,2018-06-30,1394474.7500,2018-11-29
White,2018-05-31,1375287.4300,2018-10-17
White,2018-01-31,1609035.6400,2018-04-16
White,2017-08-31,1357496.9700,2018-04-16
White,2017-09-30,1447571.2900,2018-04-16
White,2018-02-28,1177058.7600,2018-04-16
White,2018-03-31,1180758.6100,2018-06-25
White,2018-04-30,1468220.7900,2018-05-22
Williamson,2018-04-30,32530170.3200,2018-05-22
Williamson,2018-03-31,25545972.9300,2018-06-25
Williamson,2017-09-30,31041490.3900,2018-04-16
Williamson,2018-01-31,40411988.8800,2018-04-16
Williamson,2018-02-28,26096085.6800,2018-04-16
Williamson,2018-05-31,30198660.2800,2018-10-17
Williamson,2018-06-30,32040352.9400,2018-11-29
Williamson,2017-10-31,30070356.6200,2018-04-16
Williamson,2017-11-30,29368109.8000,2018-04-16
Williamson,2017-12-31,30201826.8900,2018-04-16
Williamson,2017-07-31,30618831.2300,2018-04-16
Williamson,2017-08-31,29626697.5000,2018-04-16
Wilson,2017-08-31,12267637.7500,2018-04-16
Wilson,2017-07-31,13121477.4900,2018-04-16
Wilson,2017-12-31,12105457.4700,2018-04-16
Wilson,2017-11-30,11743168.9200,2018-04-16
Wilson,2017-10-31,12265751.8300,2018-04-16
Wilson,2018-06-30,13503771.9700,2018-11-29
Wilson,2018-05-31,11753158.4800,2018-10-17
Wilson,2018-02-28,9909734.8000,2018-04-16
Wilson,2018-01-31,14686794.4000,2018-04-16
Wilson,2017-09-30,12315784.0100,2018-04-16
Wilson,2018-03-31,10460755.2800,2018-06-25
Wilson,2018-04-30,13087357.8100,2018-05-22
