FY,County,Category,Value,LastReportedDate,
2011,Anderson,Per 1,000 people,52,2018-05-17 00:00:00.0000000
2011,Anderson,Total served,508,2018-05-17 00:00:00.0000000
2011,Bedford,Per 1,000 people,37,2018-05-17 00:00:00.0000000
2011,Bedford,Total served,211,2018-05-17 00:00:00.0000000
2011,Benton,Per 1,000 people,45,2018-05-17 00:00:00.0000000
2011,Benton,Total served,136,2018-05-17 00:00:00.0000000
2011,Bledsoe,Per 1,000 people,21,2018-05-17 00:00:00.0000000
2011,Bledsoe,Total served,63,2018-05-17 00:00:00.0000000
2011,Blount,Per 1,000 people,50,2018-05-17 00:00:00.0000000
2011,Blount,Total served,678,2018-05-17 00:00:00.0000000
2011,Bradley,Per 1,000 people,22,2018-05-17 00:00:00.0000000
2011,Bradley,Total served,322,2018-05-17 00:00:00.0000000
2011,Campbell,Per 1,000 people,34,2018-05-17 00:00:00.0000000
2011,Campbell,Total served,238,2018-05-17 00:00:00.0000000
2011,Cannon,Per 1,000 people,23,2018-05-17 00:00:00.0000000
2011,Cannon,Total served,42,2018-05-17 00:00:00.0000000
2011,Carroll,Per 1,000 people,47,2018-05-17 00:00:00.0000000
2011,Carroll,Total served,214,2018-05-17 00:00:00.0000000
2011,Carter,Per 1,000 people,20,2018-05-17 00:00:00.0000000
2011,Carter,Total served,218,2018-05-17 00:00:00.0000000
2011,Cheatham,Per 1,000 people,27,2018-05-17 00:00:00.0000000
2011,Cheatham,Total served,113,2018-05-17 00:00:00.0000000
2011,Chester,Per 1,000 people,27,2018-05-17 00:00:00.0000000
2011,Chester,Total served,66,2018-05-17 00:00:00.0000000
2011,Claiborne,Per 1,000 people,48,2018-05-17 00:00:00.0000000
2011,Claiborne,Total served,275,2018-05-17 00:00:00.0000000
2011,Clay,Per 1,000 people,18,2018-05-17 00:00:00.0000000
2011,Clay,Total served,29,2018-05-17 00:00:00.0000000
2011,Cocke,Per 1,000 people,66,2018-05-17 00:00:00.0000000
2011,Cocke,Total served,465,2018-05-17 00:00:00.0000000
2011,Coffee,Per 1,000 people,42,2018-05-17 00:00:00.0000000
2011,Coffee,Total served,277,2018-05-17 00:00:00.0000000
2011,Crockett,Per 1,000 people,28,2018-05-17 00:00:00.0000000
2011,Crockett,Total served,57,2018-05-17 00:00:00.0000000
2011,Cumberland,Per 1,000 people,34,2018-05-17 00:00:00.0000000
2011,Cumberland,Total served,252,2018-05-17 00:00:00.0000000
2011,Davidson,Per 1,000 people,35,2018-05-17 00:00:00.0000000
2011,Davidson,Total served,3133,2018-05-17 00:00:00.0000000
2011,Decatur,Per 1,000 people,44,2018-05-17 00:00:00.0000000
2011,Decatur,Total served,84,2018-05-17 00:00:00.0000000
2011,DeKalb,Per 1,000 people,32,2018-05-17 00:00:00.0000000
2011,DeKalb,Total served,109,2018-05-17 00:00:00.0000000
2011,Dickson,Per 1,000 people,48,2018-05-17 00:00:00.0000000
2011,Dickson,Total served,303,2018-05-17 00:00:00.0000000
2011,Dyer,Per 1,000 people,67,2018-05-17 00:00:00.0000000
2011,Dyer,Total served,364,2018-05-17 00:00:00.0000000
2011,Fayette,Per 1,000 people,28,2018-05-17 00:00:00.0000000
2011,Fayette,Total served,128,2018-05-17 00:00:00.0000000
2011,Fentress,Per 1,000 people,20,2018-05-17 00:00:00.0000000
2011,Fentress,Total served,71,2018-05-17 00:00:00.0000000
2011,Franklin,Per 1,000 people,30,2018-05-17 00:00:00.0000000
2011,Franklin,Total served,171,2018-05-17 00:00:00.0000000
2011,Gibson,Per 1,000 people,59,2018-05-17 00:00:00.0000000
2011,Gibson,Total served,385,2018-05-17 00:00:00.0000000
2011,Giles,Per 1,000 people,60,2018-05-17 00:00:00.0000000
2011,Giles,Total served,241,2018-05-17 00:00:00.0000000
2011,Grainger,Per 1,000 people,38,2018-05-17 00:00:00.0000000
2011,Grainger,Total served,144,2018-05-17 00:00:00.0000000
2011,Greene,Per 1,000 people,62,2018-05-17 00:00:00.0000000
2011,Greene,Total served,645,2018-05-17 00:00:00.0000000
2011,Grundy,Per 1,000 people,17,2018-05-17 00:00:00.0000000
2011,Grundy,Total served,53,2018-05-17 00:00:00.0000000
2011,Hamblen,Per 1,000 people,44,2018-05-17 00:00:00.0000000
2011,Hamblen,Total served,455,2018-05-17 00:00:00.0000000
2011,Hamilton,Per 1,000 people,38,2018-05-17 00:00:00.0000000
2011,Hamilton,Total served,1566,2018-05-17 00:00:00.0000000
2011,Hancock,Per 1,000 people,42,2018-05-17 00:00:00.0000000
2011,Hancock,Total served,59,2018-05-17 00:00:00.0000000
2011,Hardeman,Per 1,000 people,33,2018-05-17 00:00:00.0000000
2011,Hardeman,Total served,154,2018-05-17 00:00:00.0000000
2011,Hardin,Per 1,000 people,30,2018-05-17 00:00:00.0000000
2011,Hardin,Total served,138,2018-05-17 00:00:00.0000000
2011,Hawkins,Per 1,000 people,38,2018-05-17 00:00:00.0000000
2011,Hawkins,Total served,325,2018-05-17 00:00:00.0000000
2011,Haywood,Per 1,000 people,44,2018-05-17 00:00:00.0000000
2011,Haywood,Total served,128,2018-05-17 00:00:00.0000000
2011,Henderson,Per 1,000 people,70,2018-05-17 00:00:00.0000000
2011,Henderson,Total served,294,2018-05-17 00:00:00.0000000
2011,Henry,Per 1,000 people,54,2018-05-17 00:00:00.0000000
2011,Henry,Total served,258,2018-05-17 00:00:00.0000000
2011,Hickman,Per 1,000 people,34,2018-05-17 00:00:00.0000000
2011,Hickman,Total served,154,2018-05-17 00:00:00.0000000
2011,Houston,Per 1,000 people,26,2018-05-17 00:00:00.0000000
2011,Houston,Total served,33,2018-05-17 00:00:00.0000000
2011,Humphreys,Per 1,000 people,39,2018-05-17 00:00:00.0000000
2011,Humphreys,Total served,101,2018-05-17 00:00:00.0000000
2011,Jackson,Per 1,000 people,10,2018-05-17 00:00:00.0000000
2011,Jackson,Total served,68,2018-05-17 00:00:00.0000000
2011,Jefferson,Per 1,000 people,118,2018-05-17 00:00:00.0000000
2011,Jefferson,Total served,286,2018-05-17 00:00:00.0000000
2011,Johnson,Per 1,000 people,20,2018-05-17 00:00:00.0000000
2011,Johnson,Total served,77,2018-05-17 00:00:00.0000000
2011,Knox,Per 1,000 people,56,2018-05-17 00:00:00.0000000
2011,Knox,Total served,3303,2018-05-17 00:00:00.0000000
2011,Lake,Per 1,000 people,14,2018-05-17 00:00:00.0000000
2011,Lake,Total served,24,2018-05-17 00:00:00.0000000
2011,Lauderdale,Per 1,000 people,38,2018-05-17 00:00:00.0000000
2011,Lauderdale,Total served,196,2018-05-17 00:00:00.0000000
2011,Lawrence,Per 1,000 people,44,2018-05-17 00:00:00.0000000
2011,Lawrence,Total served,270,2018-05-17 00:00:00.0000000
2011,Lewis,Per 1,000 people,52,2018-05-17 00:00:00.0000000
2011,Lewis,Total served,97,2018-05-17 00:00:00.0000000
2011,Lincoln,Per 1,000 people,34,2018-05-17 00:00:00.0000000
2011,Lincoln,Total served,162,2018-05-17 00:00:00.0000000
2011,Loudon,Per 1,000 people,54,2018-05-17 00:00:00.0000000
2011,Loudon,Total served,275,2018-05-17 00:00:00.0000000
2011,Macon,Per 1,000 people,30,2018-05-17 00:00:00.0000000
2011,Macon,Total served,101,2018-05-17 00:00:00.0000000
2011,Madison,Per 1,000 people,39,2018-05-17 00:00:00.0000000
2011,Madison,Total served,558,2018-05-17 00:00:00.0000000
2011,Marion,Per 1,000 people,34,2018-05-17 00:00:00.0000000
2011,Marion,Total served,148,2018-05-17 00:00:00.0000000
2011,Marshall,Per 1,000 people,84,2018-05-17 00:00:00.0000000
2011,Marshall,Total served,306,2018-05-17 00:00:00.0000000
2011,Maury,Per 1,000 people,62,2018-05-17 00:00:00.0000000
2011,Maury,Total served,629,2018-05-17 00:00:00.0000000
2011,McMinn,Per 1,000 people,205,2018-05-17 00:00:00.0000000
2011,McMinn,Total served,388,2018-05-17 00:00:00.0000000
2011,McNairy,Per 1,000 people,18,2018-05-17 00:00:00.0000000
2011,McNairy,Total served,147,2018-05-17 00:00:00.0000000
2011,Meigs,Per 1,000 people,16,2018-05-17 00:00:00.0000000
2011,Meigs,Total served,79,2018-05-17 00:00:00.0000000
2011,Monroe,Per 1,000 people,39,2018-05-17 00:00:00.0000000
2011,Monroe,Total served,255,2018-05-17 00:00:00.0000000
2011,Montgomery,Per 1,000 people,1724,2018-05-17 00:00:00.0000000
2011,Montgomery,Total served,900,2018-05-17 00:00:00.0000000
2011,Moore,Per 1,000 people,1,2018-05-17 00:00:00.0000000
2011,Moore,Total served,13,2018-05-17 00:00:00.0000000
2011,Morgan,Per 1,000 people,7,2018-05-17 00:00:00.0000000
2011,Morgan,Total served,28,2018-05-17 00:00:00.0000000
2011,Obion,Per 1,000 people,58,2018-05-17 00:00:00.0000000
2011,Obion,Total served,289,2018-05-17 00:00:00.0000000
2011,Overton,Per 1,000 people,22,2018-05-17 00:00:00.0000000
2011,Overton,Total served,75,2018-05-17 00:00:00.0000000
2011,Perry,Per 1,000 people,20,2018-05-17 00:00:00.0000000
2011,Perry,Total served,33,2018-05-17 00:00:00.0000000
2011,Pickett,Per 1,000 people,10,2018-05-17 00:00:00.0000000
2011,Pickett,Total served,7,2018-05-17 00:00:00.0000000
2011,Polk,Per 1,000 people,29,2018-05-17 00:00:00.0000000
2011,Polk,Total served,70,2018-05-17 00:00:00.0000000
2011,Putnam,Per 1,000 people,28,2018-05-17 00:00:00.0000000
2011,Putnam,Total served,418,2018-05-17 00:00:00.0000000
2011,Rhea,Per 1,000 people,48,2018-05-17 00:00:00.0000000
2011,Rhea,Total served,268,2018-05-17 00:00:00.0000000
2011,Roane,Per 1,000 people,30,2018-05-17 00:00:00.0000000
2011,Roane,Total served,211,2018-05-17 00:00:00.0000000
2011,Robertson,Per 1,000 people,64,2018-05-17 00:00:00.0000000
2011,Robertson,Total served,349,2018-05-17 00:00:00.0000000
2011,Rutherford,Per 1,000 people,30,2018-05-17 00:00:00.0000000
2011,Rutherford,Total served,895,2018-05-17 00:00:00.0000000
2011,Scott,Per 1,000 people,23,2018-05-17 00:00:00.0000000
2011,Scott,Total served,110,2018-05-17 00:00:00.0000000
2011,Sequatchie,Per 1,000 people,27,2018-05-17 00:00:00.0000000
2011,Sequatchie,Total served,53,2018-05-17 00:00:00.0000000
2011,Sevier,Per 1,000 people,34,2018-05-17 00:00:00.0000000
2011,Sevier,Total served,393,2018-05-17 00:00:00.0000000
2011,Shelby,Per 1,000 people,23,2018-05-17 00:00:00.0000000
2011,Shelby,Total served,3246,2018-05-17 00:00:00.0000000
2011,Smith,Per 1,000 people,31,2018-05-17 00:00:00.0000000
2011,Smith,Total served,79,2018-05-17 00:00:00.0000000
2011,Stewart,Per 1,000 people,18,2018-05-17 00:00:00.0000000
2011,Stewart,Total served,34,2018-05-17 00:00:00.0000000
2011,Sullivan,Per 1,000 people,41,2018-05-17 00:00:00.0000000
2011,Sullivan,Total served,844,2018-05-17 00:00:00.0000000
2011,Sumner,Per 1,000 people,53,2018-05-17 00:00:00.0000000
2011,Sumner,Total served,704,2018-05-17 00:00:00.0000000
2011,Tennessee,Per 1,000 people,5,2018-05-17 00:00:00.0000000
2011,Tennessee,Total served,32618,2018-05-17 00:00:00.0000000
2011,Tipton,Per 1,000 people,44,2018-05-17 00:00:00.0000000
2011,Tipton,Total served,285,2018-05-17 00:00:00.0000000
2011,Trousdale,Per 1,000 people,35,2018-05-17 00:00:00.0000000
2011,Trousdale,Total served,33,2018-05-17 00:00:00.0000000
2011,Unicoi,Per 1,000 people,24,2018-05-17 00:00:00.0000000
2011,Unicoi,Total served,74,2018-05-17 00:00:00.0000000
2011,Union,Per 1,000 people,62,2018-05-17 00:00:00.0000000
2011,Union,Total served,213,2018-05-17 00:00:00.0000000
2011,VanBuren,Per 1,000 people,29,2018-05-17 00:00:00.0000000
2011,VanBuren,Total served,23,2018-05-17 00:00:00.0000000
2011,Warren,Per 1,000 people,48,2018-05-17 00:00:00.0000000
2011,Warren,Total served,299,2018-05-17 00:00:00.0000000
2011,Washington,Per 1,000 people,37,2018-05-17 00:00:00.0000000
2011,Washington,Total served,656,2018-05-17 00:00:00.0000000
2011,Wayne,Per 1,000 people,40,2018-05-17 00:00:00.0000000
2011,Wayne,Total served,95,2018-05-17 00:00:00.0000000
2011,Weakley,Per 1,000 people,35,2018-05-17 00:00:00.0000000
2011,Weakley,Total served,186,2018-05-17 00:00:00.0000000
2011,White,Per 1,000 people,37,2018-05-17 00:00:00.0000000
2011,White,Total served,143,2018-05-17 00:00:00.0000000
2011,Williamson,Per 1,000 people,17,2018-05-17 00:00:00.0000000
2011,Williamson,Total served,146,2018-05-17 00:00:00.0000000
2011,Wilson,Per 1,000 people,44,2018-05-17 00:00:00.0000000
2011,Wilson,Total served,417,2018-05-17 00:00:00.0000000
2012,Anderson,Per 1,000 people,49,2018-05-17 00:00:00.0000000
2012,Anderson,Total served,475,2018-05-17 00:00:00.0000000
2012,Bedford,Per 1,000 people,40,2018-05-17 00:00:00.0000000
2012,Bedford,Total served,227,2018-05-17 00:00:00.0000000
2012,Benton,Per 1,000 people,41,2018-05-17 00:00:00.0000000
2012,Benton,Total served,122,2018-05-17 00:00:00.0000000
2012,Bledsoe,Per 1,000 people,17,2018-05-17 00:00:00.0000000
2012,Bledsoe,Total served,50,2018-05-17 00:00:00.0000000
2012,Blount,Per 1,000 people,53,2018-05-17 00:00:00.0000000
2012,Blount,Total served,722,2018-05-17 00:00:00.0000000
2012,Bradley,Per 1,000 people,23,2018-05-17 00:00:00.0000000
2012,Bradley,Total served,327,2018-05-17 00:00:00.0000000
2012,Campbell,Per 1,000 people,38,2018-05-17 00:00:00.0000000
2012,Campbell,Total served,264,2018-05-17 00:00:00.0000000
2012,Cannon,Per 1,000 people,33,2018-05-17 00:00:00.0000000
2012,Cannon,Total served,60,2018-05-17 00:00:00.0000000
2012,Carroll,Per 1,000 people,40,2018-05-17 00:00:00.0000000
2012,Carroll,Total served,184,2018-05-17 00:00:00.0000000
2012,Carter,Per 1,000 people,16,2018-05-17 00:00:00.0000000
2012,Carter,Total served,177,2018-05-17 00:00:00.0000000
2012,Cheatham,Per 1,000 people,31,2018-05-17 00:00:00.0000000
2012,Cheatham,Total served,130,2018-05-17 00:00:00.0000000
2012,Chester,Per 1,000 people,30,2018-05-17 00:00:00.0000000
2012,Chester,Total served,72,2018-05-17 00:00:00.0000000
2012,Claiborne,Per 1,000 people,52,2018-05-17 00:00:00.0000000
2012,Claiborne,Total served,297,2018-05-17 00:00:00.0000000
2012,Clay,Per 1,000 people,14,2018-05-17 00:00:00.0000000
2012,Clay,Total served,23,2018-05-17 00:00:00.0000000
2012,Cocke,Per 1,000 people,65,2018-05-17 00:00:00.0000000
2012,Cocke,Total served,459,2018-05-17 00:00:00.0000000
2012,Coffee,Per 1,000 people,53,2018-05-17 00:00:00.0000000
2012,Coffee,Total served,347,2018-05-17 00:00:00.0000000
2012,Crockett,Per 1,000 people,28,2018-05-17 00:00:00.0000000
2012,Crockett,Total served,57,2018-05-17 00:00:00.0000000
2012,Cumberland,Per 1,000 people,31,2018-05-17 00:00:00.0000000
2012,Cumberland,Total served,232,2018-05-17 00:00:00.0000000
2012,Davidson,Per 1,000 people,38,2018-05-17 00:00:00.0000000
2012,Davidson,Total served,3368,2018-05-17 00:00:00.0000000
2012,Decatur,Per 1,000 people,42,2018-05-17 00:00:00.0000000
2012,Decatur,Total served,79,2018-05-17 00:00:00.0000000
2012,DeKalb,Per 1,000 people,29,2018-05-17 00:00:00.0000000
2012,DeKalb,Total served,99,2018-05-17 00:00:00.0000000
2012,Dickson,Per 1,000 people,52,2018-05-17 00:00:00.0000000
2012,Dickson,Total served,327,2018-05-17 00:00:00.0000000
2012,Dyer,Per 1,000 people,66,2018-05-17 00:00:00.0000000
2012,Dyer,Total served,355,2018-05-17 00:00:00.0000000
2012,Fayette,Per 1,000 people,28,2018-05-17 00:00:00.0000000
2012,Fayette,Total served,128,2018-05-17 00:00:00.0000000
2012,Fentress,Per 1,000 people,24,2018-05-17 00:00:00.0000000
2012,Fentress,Total served,86,2018-05-17 00:00:00.0000000
2012,Franklin,Per 1,000 people,31,2018-05-17 00:00:00.0000000
2012,Franklin,Total served,177,2018-05-17 00:00:00.0000000
2012,Gibson,Per 1,000 people,62,2018-05-17 00:00:00.0000000
2012,Gibson,Total served,406,2018-05-17 00:00:00.0000000
2012,Giles,Per 1,000 people,64,2018-05-17 00:00:00.0000000
2012,Giles,Total served,255,2018-05-17 00:00:00.0000000
2012,Grainger,Per 1,000 people,35,2018-05-17 00:00:00.0000000
2012,Grainger,Total served,132,2018-05-17 00:00:00.0000000
2012,Greene,Per 1,000 people,60,2018-05-17 00:00:00.0000000
2012,Greene,Total served,627,2018-05-17 00:00:00.0000000
2012,Grundy,Per 1,000 people,17,2018-05-17 00:00:00.0000000
2012,Grundy,Total served,51,2018-05-17 00:00:00.0000000
2012,Hamblen,Per 1,000 people,49,2018-05-17 00:00:00.0000000
2012,Hamblen,Total served,507,2018-05-17 00:00:00.0000000
2012,Hamilton,Per 1,000 people,36,2018-05-17 00:00:00.0000000
2012,Hamilton,Total served,1507,2018-05-17 00:00:00.0000000
2012,Hancock,Per 1,000 people,52,2018-05-17 00:00:00.0000000
2012,Hancock,Total served,73,2018-05-17 00:00:00.0000000
2012,Hardeman,Per 1,000 people,33,2018-05-17 00:00:00.0000000
2012,Hardeman,Total served,155,2018-05-17 00:00:00.0000000
2012,Hardin,Per 1,000 people,31,2018-05-17 00:00:00.0000000
2012,Hardin,Total served,143,2018-05-17 00:00:00.0000000
2012,Hawkins,Per 1,000 people,37,2018-05-17 00:00:00.0000000
2012,Hawkins,Total served,322,2018-05-17 00:00:00.0000000
2012,Haywood,Per 1,000 people,40,2018-05-17 00:00:00.0000000
2012,Haywood,Total served,115,2018-05-17 00:00:00.0000000
2012,Henderson,Per 1,000 people,75,2018-05-17 00:00:00.0000000
2012,Henderson,Total served,312,2018-05-17 00:00:00.0000000
2012,Henry,Per 1,000 people,46,2018-05-17 00:00:00.0000000
2012,Henry,Total served,220,2018-05-17 00:00:00.0000000
2012,Hickman,Per 1,000 people,35,2018-05-17 00:00:00.0000000
2012,Hickman,Total served,162,2018-05-17 00:00:00.0000000
2012,Houston,Per 1,000 people,22,2018-05-17 00:00:00.0000000
2012,Houston,Total served,28,2018-05-17 00:00:00.0000000
2012,Humphreys,Per 1,000 people,38,2018-05-17 00:00:00.0000000
2012,Humphreys,Total served,98,2018-05-17 00:00:00.0000000
2012,Jackson,Per 1,000 people,10,2018-05-17 00:00:00.0000000
2012,Jackson,Total served,67,2018-05-17 00:00:00.0000000
2012,Jefferson,Per 1,000 people,120,2018-05-17 00:00:00.0000000
2012,Jefferson,Total served,291,2018-05-17 00:00:00.0000000
2012,Johnson,Per 1,000 people,19,2018-05-17 00:00:00.0000000
2012,Johnson,Total served,73,2018-05-17 00:00:00.0000000
2012,Knox,Per 1,000 people,57,2018-05-17 00:00:00.0000000
2012,Knox,Total served,3410,2018-05-17 00:00:00.0000000
2012,Lake,Per 1,000 people,10,2018-05-17 00:00:00.0000000
2012,Lake,Total served,17,2018-05-17 00:00:00.0000000
2012,Lauderdale,Per 1,000 people,48,2018-05-17 00:00:00.0000000
2012,Lauderdale,Total served,248,2018-05-17 00:00:00.0000000
2012,Lawrence,Per 1,000 people,49,2018-05-17 00:00:00.0000000
2012,Lawrence,Total served,299,2018-05-17 00:00:00.0000000
2012,Lewis,Per 1,000 people,46,2018-05-17 00:00:00.0000000
2012,Lewis,Total served,86,2018-05-17 00:00:00.0000000
2012,Lincoln,Per 1,000 people,36,2018-05-17 00:00:00.0000000
2012,Lincoln,Total served,171,2018-05-17 00:00:00.0000000
2012,Loudon,Per 1,000 people,47,2018-05-17 00:00:00.0000000
2012,Loudon,Total served,240,2018-05-17 00:00:00.0000000
2012,Macon,Per 1,000 people,35,2018-05-17 00:00:00.0000000
2012,Macon,Total served,117,2018-05-17 00:00:00.0000000
2012,Madison,Per 1,000 people,43,2018-05-17 00:00:00.0000000
2012,Madison,Total served,607,2018-05-17 00:00:00.0000000
2012,Marion,Per 1,000 people,33,2018-05-17 00:00:00.0000000
2012,Marion,Total served,144,2018-05-17 00:00:00.0000000
2012,Marshall,Per 1,000 people,87,2018-05-17 00:00:00.0000000
2012,Marshall,Total served,315,2018-05-17 00:00:00.0000000
2012,Maury,Per 1,000 people,65,2018-05-17 00:00:00.0000000
2012,Maury,Total served,655,2018-05-17 00:00:00.0000000
2012,McMinn,Per 1,000 people,196,2018-05-17 00:00:00.0000000
2012,McMinn,Total served,371,2018-05-17 00:00:00.0000000
2012,McNairy,Per 1,000 people,19,2018-05-17 00:00:00.0000000
2012,McNairy,Total served,158,2018-05-17 00:00:00.0000000
2012,Meigs,Per 1,000 people,17,2018-05-17 00:00:00.0000000
2012,Meigs,Total served,82,2018-05-17 00:00:00.0000000
2012,Monroe,Per 1,000 people,38,2018-05-17 00:00:00.0000000
2012,Monroe,Total served,251,2018-05-17 00:00:00.0000000
2012,Montgomery,Per 1,000 people,1985,2018-05-17 00:00:00.0000000
2012,Montgomery,Total served,1036,2018-05-17 00:00:00.0000000
2012,Moore,Per 1,000 people,1,2018-05-17 00:00:00.0000000
2012,Moore,Total served,19,2018-05-17 00:00:00.0000000
2012,Morgan,Per 1,000 people,9,2018-05-17 00:00:00.0000000
2012,Morgan,Total served,40,2018-05-17 00:00:00.0000000
2012,Obion,Per 1,000 people,55,2018-05-17 00:00:00.0000000
2012,Obion,Total served,276,2018-05-17 00:00:00.0000000
2012,Overton,Per 1,000 people,23,2018-05-17 00:00:00.0000000
2012,Overton,Total served,78,2018-05-17 00:00:00.0000000
2012,Perry,Per 1,000 people,18,2018-05-17 00:00:00.0000000
2012,Perry,Total served,30,2018-05-17 00:00:00.0000000
2012,Pickett,Per 1,000 people,10,2018-05-17 00:00:00.0000000
2012,Pickett,Total served,7,2018-05-17 00:00:00.0000000
2012,Polk,Per 1,000 people,25,2018-05-17 00:00:00.0000000
2012,Polk,Total served,62,2018-05-17 00:00:00.0000000
2012,Putnam,Per 1,000 people,29,2018-05-17 00:00:00.0000000
2012,Putnam,Total served,435,2018-05-17 00:00:00.0000000
2012,Rhea,Per 1,000 people,47,2018-05-17 00:00:00.0000000
2012,Rhea,Total served,264,2018-05-17 00:00:00.0000000
2012,Roane,Per 1,000 people,29,2018-05-17 00:00:00.0000000
2012,Roane,Total served,202,2018-05-17 00:00:00.0000000
2012,Robertson,Per 1,000 people,58,2018-05-17 00:00:00.0000000
2012,Robertson,Total served,313,2018-05-17 00:00:00.0000000
2012,Rutherford,Per 1,000 people,32,2018-05-17 00:00:00.0000000
2012,Rutherford,Total served,961,2018-05-17 00:00:00.0000000
2012,Scott,Per 1,000 people,23,2018-05-17 00:00:00.0000000
2012,Scott,Total served,108,2018-05-17 00:00:00.0000000
2012,Sequatchie,Per 1,000 people,28,2018-05-17 00:00:00.0000000
2012,Sequatchie,Total served,55,2018-05-17 00:00:00.0000000
2012,Sevier,Per 1,000 people,36,2018-05-17 00:00:00.0000000
2012,Sevier,Total served,411,2018-05-17 00:00:00.0000000
2012,Shelby,Per 1,000 people,23,2018-05-17 00:00:00.0000000
2012,Shelby,Total served,3291,2018-05-17 00:00:00.0000000
2012,Smith,Per 1,000 people,30,2018-05-17 00:00:00.0000000
2012,Smith,Total served,76,2018-05-17 00:00:00.0000000
2012,Stewart,Per 1,000 people,12,2018-05-17 00:00:00.0000000
2012,Stewart,Total served,23,2018-05-17 00:00:00.0000000
2012,Sullivan,Per 1,000 people,40,2018-05-17 00:00:00.0000000
2012,Sullivan,Total served,828,2018-05-17 00:00:00.0000000
2012,Sumner,Per 1,000 people,56,2018-05-17 00:00:00.0000000
2012,Sumner,Total served,749,2018-05-17 00:00:00.0000000
2012,Tennessee,Per 1,000 people,5,2018-05-17 00:00:00.0000000
2012,Tennessee,Total served,33493,2018-05-17 00:00:00.0000000
2012,Tipton,Per 1,000 people,51,2018-05-17 00:00:00.0000000
2012,Tipton,Total served,330,2018-05-17 00:00:00.0000000
2012,Trousdale,Per 1,000 people,58,2018-05-17 00:00:00.0000000
2012,Trousdale,Total served,54,2018-05-17 00:00:00.0000000
2012,Unicoi,Per 1,000 people,20,2018-05-17 00:00:00.0000000
2012,Unicoi,Total served,63,2018-05-17 00:00:00.0000000
2012,Union,Per 1,000 people,69,2018-05-17 00:00:00.0000000
2012,Union,Total served,235,2018-05-17 00:00:00.0000000
2012,VanBuren,Per 1,000 people,19,2018-05-17 00:00:00.0000000
2012,VanBuren,Total served,15,2018-05-17 00:00:00.0000000
2012,Warren,Per 1,000 people,48,2018-05-17 00:00:00.0000000
2012,Warren,Total served,302,2018-05-17 00:00:00.0000000
2012,Washington,Per 1,000 people,36,2018-05-17 00:00:00.0000000
2012,Washington,Total served,630,2018-05-17 00:00:00.0000000
2012,Wayne,Per 1,000 people,39,2018-05-17 00:00:00.0000000
2012,Wayne,Total served,92,2018-05-17 00:00:00.0000000
2012,Weakley,Per 1,000 people,33,2018-05-17 00:00:00.0000000
2012,Weakley,Total served,172,2018-05-17 00:00:00.0000000
2012,White,Per 1,000 people,43,2018-05-17 00:00:00.0000000
2012,White,Total served,163,2018-05-17 00:00:00.0000000
2012,Williamson,Per 1,000 people,21,2018-05-17 00:00:00.0000000
2012,Williamson,Total served,181,2018-05-17 00:00:00.0000000
2012,Wilson,Per 1,000 people,46,2018-05-17 00:00:00.0000000
2012,Wilson,Total served,433,2018-05-17 00:00:00.0000000
2013,Anderson,Per 1,000 people,47,2018-05-17 00:00:00.0000000
2013,Anderson,Total served,456,2018-05-17 00:00:00.0000000
2013,Bedford,Per 1,000 people,42,2018-05-17 00:00:00.0000000
2013,Bedford,Total served,234,2018-05-17 00:00:00.0000000
2013,Benton,Per 1,000 people,43,2018-05-17 00:00:00.0000000
2013,Benton,Total served,129,2018-05-17 00:00:00.0000000
2013,Bledsoe,Per 1,000 people,19,2018-05-17 00:00:00.0000000
2013,Bledsoe,Total served,57,2018-05-17 00:00:00.0000000
2013,Blount,Per 1,000 people,60,2018-05-17 00:00:00.0000000
2013,Blount,Total served,813,2018-05-17 00:00:00.0000000
2013,Bradley,Per 1,000 people,21,2018-05-17 00:00:00.0000000
2013,Bradley,Total served,302,2018-05-17 00:00:00.0000000
2013,Campbell,Per 1,000 people,38,2018-05-17 00:00:00.0000000
2013,Campbell,Total served,266,2018-05-17 00:00:00.0000000
2013,Cannon,Per 1,000 people,27,2018-05-17 00:00:00.0000000
2013,Cannon,Total served,49,2018-05-17 00:00:00.0000000
2013,Carroll,Per 1,000 people,41,2018-05-17 00:00:00.0000000
2013,Carroll,Total served,189,2018-05-17 00:00:00.0000000
2013,Carter,Per 1,000 people,30,2018-05-17 00:00:00.0000000
2013,Carter,Total served,319,2018-05-17 00:00:00.0000000
2013,Cheatham,Per 1,000 people,28,2018-05-17 00:00:00.0000000
2013,Cheatham,Total served,114,2018-05-17 00:00:00.0000000
2013,Chester,Per 1,000 people,32,2018-05-17 00:00:00.0000000
2013,Chester,Total served,77,2018-05-17 00:00:00.0000000
2013,Claiborne,Per 1,000 people,50,2018-05-17 00:00:00.0000000
2013,Claiborne,Total served,282,2018-05-17 00:00:00.0000000
2013,Clay,Per 1,000 people,14,2018-05-17 00:00:00.0000000
2013,Clay,Total served,22,2018-05-17 00:00:00.0000000
2013,Cocke,Per 1,000 people,66,2018-05-17 00:00:00.0000000
2013,Cocke,Total served,465,2018-05-17 00:00:00.0000000
2013,Coffee,Per 1,000 people,52,2018-05-17 00:00:00.0000000
2013,Coffee,Total served,341,2018-05-17 00:00:00.0000000
2013,Crockett,Per 1,000 people,26,2018-05-17 00:00:00.0000000
2013,Crockett,Total served,53,2018-05-17 00:00:00.0000000
2013,Cumberland,Per 1,000 people,34,2018-05-17 00:00:00.0000000
2013,Cumberland,Total served,254,2018-05-17 00:00:00.0000000
2013,Davidson,Per 1,000 people,37,2018-05-17 00:00:00.0000000
2013,Davidson,Total served,3280,2018-05-17 00:00:00.0000000
2013,Decatur,Per 1,000 people,49,2018-05-17 00:00:00.0000000
2013,Decatur,Total served,94,2018-05-17 00:00:00.0000000
2013,DeKalb,Per 1,000 people,27,2018-05-17 00:00:00.0000000
2013,DeKalb,Total served,92,2018-05-17 00:00:00.0000000
2013,Dickson,Per 1,000 people,58,2018-05-17 00:00:00.0000000
2013,Dickson,Total served,365,2018-05-17 00:00:00.0000000
2013,Dyer,Per 1,000 people,64,2018-05-17 00:00:00.0000000
2013,Dyer,Total served,344,2018-05-17 00:00:00.0000000
2013,Fayette,Per 1,000 people,24,2018-05-17 00:00:00.0000000
2013,Fayette,Total served,110,2018-05-17 00:00:00.0000000
2013,Fentress,Per 1,000 people,21,2018-05-17 00:00:00.0000000
2013,Fentress,Total served,74,2018-05-17 00:00:00.0000000
2013,Franklin,Per 1,000 people,31,2018-05-17 00:00:00.0000000
2013,Franklin,Total served,175,2018-05-17 00:00:00.0000000
2013,Gibson,Per 1,000 people,62,2018-05-17 00:00:00.0000000
2013,Gibson,Total served,409,2018-05-17 00:00:00.0000000
2013,Giles,Per 1,000 people,55,2018-05-17 00:00:00.0000000
2013,Giles,Total served,219,2018-05-17 00:00:00.0000000
2013,Grainger,Per 1,000 people,41,2018-05-17 00:00:00.0000000
2013,Grainger,Total served,155,2018-05-17 00:00:00.0000000
2013,Greene,Per 1,000 people,74,2018-05-17 00:00:00.0000000
2013,Greene,Total served,772,2018-05-17 00:00:00.0000000
2013,Grundy,Per 1,000 people,16,2018-05-17 00:00:00.0000000
2013,Grundy,Total served,47,2018-05-17 00:00:00.0000000
2013,Hamblen,Per 1,000 people,56,2018-05-17 00:00:00.0000000
2013,Hamblen,Total served,577,2018-05-17 00:00:00.0000000
2013,Hamilton,Per 1,000 people,41,2018-05-17 00:00:00.0000000
2013,Hamilton,Total served,1701,2018-05-17 00:00:00.0000000
2013,Hancock,Per 1,000 people,53,2018-05-17 00:00:00.0000000
2013,Hancock,Total served,75,2018-05-17 00:00:00.0000000
2013,Hardeman,Per 1,000 people,35,2018-05-17 00:00:00.0000000
2013,Hardeman,Total served,164,2018-05-17 00:00:00.0000000
2013,Hardin,Per 1,000 people,31,2018-05-17 00:00:00.0000000
2013,Hardin,Total served,143,2018-05-17 00:00:00.0000000
2013,Hawkins,Per 1,000 people,42,2018-05-17 00:00:00.0000000
2013,Hawkins,Total served,359,2018-05-17 00:00:00.0000000
2013,Haywood,Per 1,000 people,36,2018-05-17 00:00:00.0000000
2013,Haywood,Total served,106,2018-05-17 00:00:00.0000000
2013,Henderson,Per 1,000 people,89,2018-05-17 00:00:00.0000000
2013,Henderson,Total served,373,2018-05-17 00:00:00.0000000
2013,Henry,Per 1,000 people,54,2018-05-17 00:00:00.0000000
2013,Henry,Total served,258,2018-05-17 00:00:00.0000000
2013,Hickman,Per 1,000 people,36,2018-05-17 00:00:00.0000000
2013,Hickman,Total served,167,2018-05-17 00:00:00.0000000
2013,Houston,Per 1,000 people,26,2018-05-17 00:00:00.0000000
2013,Houston,Total served,32,2018-05-17 00:00:00.0000000
2013,Humphreys,Per 1,000 people,40,2018-05-17 00:00:00.0000000
2013,Humphreys,Total served,105,2018-05-17 00:00:00.0000000
2013,Jackson,Per 1,000 people,12,2018-05-17 00:00:00.0000000
2013,Jackson,Total served,75,2018-05-17 00:00:00.0000000
2013,Jefferson,Per 1,000 people,127,2018-05-17 00:00:00.0000000
2013,Jefferson,Total served,307,2018-05-17 00:00:00.0000000
2013,Johnson,Per 1,000 people,23,2018-05-17 00:00:00.0000000
2013,Johnson,Total served,89,2018-05-17 00:00:00.0000000
2013,Knox,Per 1,000 people,63,2018-05-17 00:00:00.0000000
2013,Knox,Total served,3756,2018-05-17 00:00:00.0000000
2013,Lake,Per 1,000 people,8,2018-05-17 00:00:00.0000000
2013,Lake,Total served,14,2018-05-17 00:00:00.0000000
2013,Lauderdale,Per 1,000 people,44,2018-05-17 00:00:00.0000000
2013,Lauderdale,Total served,228,2018-05-17 00:00:00.0000000
2013,Lawrence,Per 1,000 people,45,2018-05-17 00:00:00.0000000
2013,Lawrence,Total served,274,2018-05-17 00:00:00.0000000
2013,Lewis,Per 1,000 people,54,2018-05-17 00:00:00.0000000
2013,Lewis,Total served,101,2018-05-17 00:00:00.0000000
2013,Lincoln,Per 1,000 people,46,2018-05-17 00:00:00.0000000
2013,Lincoln,Total served,221,2018-05-17 00:00:00.0000000
2013,Loudon,Per 1,000 people,53,2018-05-17 00:00:00.0000000
2013,Loudon,Total served,269,2018-05-17 00:00:00.0000000
2013,Macon,Per 1,000 people,39,2018-05-17 00:00:00.0000000
2013,Macon,Total served,128,2018-05-17 00:00:00.0000000
2013,Madison,Per 1,000 people,44,2018-05-17 00:00:00.0000000
2013,Madison,Total served,628,2018-05-17 00:00:00.0000000
2013,Marion,Per 1,000 people,34,2018-05-17 00:00:00.0000000
2013,Marion,Total served,149,2018-05-17 00:00:00.0000000
2013,Marshall,Per 1,000 people,84,2018-05-17 00:00:00.0000000
2013,Marshall,Total served,304,2018-05-17 00:00:00.0000000
2013,Maury,Per 1,000 people,59,2018-05-17 00:00:00.0000000
2013,Maury,Total served,602,2018-05-17 00:00:00.0000000
2013,McMinn,Per 1,000 people,181,2018-05-17 00:00:00.0000000
2013,McMinn,Total served,341,2018-05-17 00:00:00.0000000
2013,McNairy,Per 1,000 people,20,2018-05-17 00:00:00.0000000
2013,McNairy,Total served,164,2018-05-17 00:00:00.0000000
2013,Meigs,Per 1,000 people,18,2018-05-17 00:00:00.0000000
2013,Meigs,Total served,87,2018-05-17 00:00:00.0000000
2013,Monroe,Per 1,000 people,38,2018-05-17 00:00:00.0000000
2013,Monroe,Total served,249,2018-05-17 00:00:00.0000000
2013,Montgomery,Per 1,000 people,2019,2018-05-17 00:00:00.0000000
2013,Montgomery,Total served,1054,2018-05-17 00:00:00.0000000
2013,Moore,Per 1,000 people,1,2018-05-17 00:00:00.0000000
2013,Moore,Total served,15,2018-05-17 00:00:00.0000000
2013,Morgan,Per 1,000 people,11,2018-05-17 00:00:00.0000000
2013,Morgan,Total served,47,2018-05-17 00:00:00.0000000
2013,Obion,Per 1,000 people,63,2018-05-17 00:00:00.0000000
2013,Obion,Total served,314,2018-05-17 00:00:00.0000000
2013,Overton,Per 1,000 people,25,2018-05-17 00:00:00.0000000
2013,Overton,Total served,87,2018-05-17 00:00:00.0000000
2013,Perry,Per 1,000 people,24,2018-05-17 00:00:00.0000000
2013,Perry,Total served,41,2018-05-17 00:00:00.0000000
2013,Pickett,Per 1,000 people,17,2018-05-17 00:00:00.0000000
2013,Pickett,Total served,12,2018-05-17 00:00:00.0000000
2013,Polk,Per 1,000 people,20,2018-05-17 00:00:00.0000000
2013,Polk,Total served,49,2018-05-17 00:00:00.0000000
2013,Putnam,Per 1,000 people,29,2018-05-17 00:00:00.0000000
2013,Putnam,Total served,428,2018-05-17 00:00:00.0000000
2013,Rhea,Per 1,000 people,52,2018-05-17 00:00:00.0000000
2013,Rhea,Total served,292,2018-05-17 00:00:00.0000000
2013,Roane,Per 1,000 people,29,2018-05-17 00:00:00.0000000
2013,Roane,Total served,206,2018-05-17 00:00:00.0000000
2013,Robertson,Per 1,000 people,58,2018-05-17 00:00:00.0000000
2013,Robertson,Total served,314,2018-05-17 00:00:00.0000000
2013,Rutherford,Per 1,000 people,28,2018-05-17 00:00:00.0000000
2013,Rutherford,Total served,849,2018-05-17 00:00:00.0000000
2013,Scott,Per 1,000 people,26,2018-05-17 00:00:00.0000000
2013,Scott,Total served,124,2018-05-17 00:00:00.0000000
2013,Sequatchie,Per 1,000 people,30,2018-05-17 00:00:00.0000000
2013,Sequatchie,Total served,59,2018-05-17 00:00:00.0000000
2013,Sevier,Per 1,000 people,45,2018-05-17 00:00:00.0000000
2013,Sevier,Total served,522,2018-05-17 00:00:00.0000000
2013,Shelby,Per 1,000 people,24,2018-05-17 00:00:00.0000000
2013,Shelby,Total served,3380,2018-05-17 00:00:00.0000000
2013,Smith,Per 1,000 people,27,2018-05-17 00:00:00.0000000
2013,Smith,Total served,68,2018-05-17 00:00:00.0000000
2013,Stewart,Per 1,000 people,14,2018-05-17 00:00:00.0000000
2013,Stewart,Total served,26,2018-05-17 00:00:00.0000000
2013,Sullivan,Per 1,000 people,47,2018-05-17 00:00:00.0000000
2013,Sullivan,Total served,971,2018-05-17 00:00:00.0000000
2013,Sumner,Per 1,000 people,58,2018-05-17 00:00:00.0000000
2013,Sumner,Total served,767,2018-05-17 00:00:00.0000000
2013,Tennessee,Per 1,000 people,6,2018-05-17 00:00:00.0000000
2013,Tennessee,Total served,36082,2018-05-17 00:00:00.0000000
2013,Tipton,Per 1,000 people,58,2018-05-17 00:00:00.0000000
2013,Tipton,Total served,373,2018-05-17 00:00:00.0000000
2013,Trousdale,Per 1,000 people,49,2018-05-17 00:00:00.0000000
2013,Trousdale,Total served,46,2018-05-17 00:00:00.0000000
2013,Unicoi,Per 1,000 people,27,2018-05-17 00:00:00.0000000
2013,Unicoi,Total served,84,2018-05-17 00:00:00.0000000
2013,Union,Per 1,000 people,74,2018-05-17 00:00:00.0000000
2013,Union,Total served,254,2018-05-17 00:00:00.0000000
2013,VanBuren,Per 1,000 people,40,2018-05-17 00:00:00.0000000
2013,VanBuren,Total served,32,2018-05-17 00:00:00.0000000
2013,Warren,Per 1,000 people,43,2018-05-17 00:00:00.0000000
2013,Warren,Total served,272,2018-05-17 00:00:00.0000000
2013,Washington,Per 1,000 people,43,2018-05-17 00:00:00.0000000
2013,Washington,Total served,748,2018-05-17 00:00:00.0000000
2013,Wayne,Per 1,000 people,44,2018-05-17 00:00:00.0000000
2013,Wayne,Total served,104,2018-05-17 00:00:00.0000000
2013,Weakley,Per 1,000 people,34,2018-05-17 00:00:00.0000000
2013,Weakley,Total served,178,2018-05-17 00:00:00.0000000
2013,White,Per 1,000 people,43,2018-05-17 00:00:00.0000000
2013,White,Total served,163,2018-05-17 00:00:00.0000000
2013,Williamson,Per 1,000 people,19,2018-05-17 00:00:00.0000000
2013,Williamson,Total served,164,2018-05-17 00:00:00.0000000
2013,Wilson,Per 1,000 people,46,2018-05-17 00:00:00.0000000
2013,Wilson,Total served,435,2018-05-17 00:00:00.0000000
2014,Anderson,Per 1,000 people,43,2018-05-17 00:00:00.0000000
2014,Anderson,Total served,424,2018-05-17 00:00:00.0000000
2014,Bedford,Per 1,000 people,40,2018-05-17 00:00:00.0000000
2014,Bedford,Total served,225,2018-05-17 00:00:00.0000000
2014,Benton,Per 1,000 people,41,2018-05-17 00:00:00.0000000
2014,Benton,Total served,124,2018-05-17 00:00:00.0000000
2014,Bledsoe,Per 1,000 people,18,2018-05-17 00:00:00.0000000
2014,Bledsoe,Total served,52,2018-05-17 00:00:00.0000000
2014,Blount,Per 1,000 people,65,2018-05-17 00:00:00.0000000
2014,Blount,Total served,892,2018-05-17 00:00:00.0000000
2014,Bradley,Per 1,000 people,21,2018-05-17 00:00:00.0000000
2014,Bradley,Total served,306,2018-05-17 00:00:00.0000000
2014,Campbell,Per 1,000 people,35,2018-05-17 00:00:00.0000000
2014,Campbell,Total served,242,2018-05-17 00:00:00.0000000
2014,Cannon,Per 1,000 people,31,2018-05-17 00:00:00.0000000
2014,Cannon,Total served,55,2018-05-17 00:00:00.0000000
2014,Carroll,Per 1,000 people,40,2018-05-17 00:00:00.0000000
2014,Carroll,Total served,182,2018-05-17 00:00:00.0000000
2014,Carter,Per 1,000 people,32,2018-05-17 00:00:00.0000000
2014,Carter,Total served,346,2018-05-17 00:00:00.0000000
2014,Cheatham,Per 1,000 people,30,2018-05-17 00:00:00.0000000
2014,Cheatham,Total served,125,2018-05-17 00:00:00.0000000
2014,Chester,Per 1,000 people,37,2018-05-17 00:00:00.0000000
2014,Chester,Total served,90,2018-05-17 00:00:00.0000000
2014,Claiborne,Per 1,000 people,58,2018-05-17 00:00:00.0000000
2014,Claiborne,Total served,332,2018-05-17 00:00:00.0000000
2014,Clay,Per 1,000 people,22,2018-05-17 00:00:00.0000000
2014,Clay,Total served,35,2018-05-17 00:00:00.0000000
2014,Cocke,Per 1,000 people,67,2018-05-17 00:00:00.0000000
2014,Cocke,Total served,474,2018-05-17 00:00:00.0000000
2014,Coffee,Per 1,000 people,56,2018-05-17 00:00:00.0000000
2014,Coffee,Total served,366,2018-05-17 00:00:00.0000000
2014,Crockett,Per 1,000 people,35,2018-05-17 00:00:00.0000000
2014,Crockett,Total served,71,2018-05-17 00:00:00.0000000
2014,Cumberland,Per 1,000 people,31,2018-05-17 00:00:00.0000000
2014,Cumberland,Total served,228,2018-05-17 00:00:00.0000000
2014,Davidson,Per 1,000 people,39,2018-05-17 00:00:00.0000000
2014,Davidson,Total served,3505,2018-05-17 00:00:00.0000000
2014,Decatur,Per 1,000 people,46,2018-05-17 00:00:00.0000000
2014,Decatur,Total served,88,2018-05-17 00:00:00.0000000
2014,DeKalb,Per 1,000 people,31,2018-05-17 00:00:00.0000000
2014,DeKalb,Total served,103,2018-05-17 00:00:00.0000000
2014,Dickson,Per 1,000 people,60,2018-05-17 00:00:00.0000000
2014,Dickson,Total served,382,2018-05-17 00:00:00.0000000
2014,Dyer,Per 1,000 people,66,2018-05-17 00:00:00.0000000
2014,Dyer,Total served,359,2018-05-17 00:00:00.0000000
2014,Fayette,Per 1,000 people,24,2018-05-17 00:00:00.0000000
2014,Fayette,Total served,109,2018-05-17 00:00:00.0000000
2014,Fentress,Per 1,000 people,20,2018-05-17 00:00:00.0000000
2014,Fentress,Total served,72,2018-05-17 00:00:00.0000000
2014,Franklin,Per 1,000 people,34,2018-05-17 00:00:00.0000000
2014,Franklin,Total served,194,2018-05-17 00:00:00.0000000
2014,Gibson,Per 1,000 people,58,2018-05-17 00:00:00.0000000
2014,Gibson,Total served,380,2018-05-17 00:00:00.0000000
2014,Giles,Per 1,000 people,60,2018-05-17 00:00:00.0000000
2014,Giles,Total served,241,2018-05-17 00:00:00.0000000
2014,Grainger,Per 1,000 people,47,2018-05-17 00:00:00.0000000
2014,Grainger,Total served,178,2018-05-17 00:00:00.0000000
2014,Greene,Per 1,000 people,73,2018-05-17 00:00:00.0000000
2014,Greene,Total served,757,2018-05-17 00:00:00.0000000
2014,Grundy,Per 1,000 people,18,2018-05-17 00:00:00.0000000
2014,Grundy,Total served,55,2018-05-17 00:00:00.0000000
2014,Hamblen,Per 1,000 people,55,2018-05-17 00:00:00.0000000
2014,Hamblen,Total served,573,2018-05-17 00:00:00.0000000
2014,Hamilton,Per 1,000 people,41,2018-05-17 00:00:00.0000000
2014,Hamilton,Total served,1689,2018-05-17 00:00:00.0000000
2014,Hancock,Per 1,000 people,57,2018-05-17 00:00:00.0000000
2014,Hancock,Total served,80,2018-05-17 00:00:00.0000000
2014,Hardeman,Per 1,000 people,32,2018-05-17 00:00:00.0000000
2014,Hardeman,Total served,149,2018-05-17 00:00:00.0000000
2014,Hardin,Per 1,000 people,33,2018-05-17 00:00:00.0000000
2014,Hardin,Total served,152,2018-05-17 00:00:00.0000000
2014,Hawkins,Per 1,000 people,43,2018-05-17 00:00:00.0000000
2014,Hawkins,Total served,373,2018-05-17 00:00:00.0000000
2014,Haywood,Per 1,000 people,42,2018-05-17 00:00:00.0000000
2014,Haywood,Total served,123,2018-05-17 00:00:00.0000000
2014,Henderson,Per 1,000 people,81,2018-05-17 00:00:00.0000000
2014,Henderson,Total served,339,2018-05-17 00:00:00.0000000
2014,Henry,Per 1,000 people,56,2018-05-17 00:00:00.0000000
2014,Henry,Total served,269,2018-05-17 00:00:00.0000000
2014,Hickman,Per 1,000 people,34,2018-05-17 00:00:00.0000000
2014,Hickman,Total served,155,2018-05-17 00:00:00.0000000
2014,Houston,Per 1,000 people,26,2018-05-17 00:00:00.0000000
2014,Houston,Total served,33,2018-05-17 00:00:00.0000000
2014,Humphreys,Per 1,000 people,42,2018-05-17 00:00:00.0000000
2014,Humphreys,Total served,108,2018-05-17 00:00:00.0000000
2014,Jackson,Per 1,000 people,10,2018-05-17 00:00:00.0000000
2014,Jackson,Total served,68,2018-05-17 00:00:00.0000000
2014,Jefferson,Per 1,000 people,137,2018-05-17 00:00:00.0000000
2014,Jefferson,Total served,331,2018-05-17 00:00:00.0000000
2014,Johnson,Per 1,000 people,24,2018-05-17 00:00:00.0000000
2014,Johnson,Total served,91,2018-05-17 00:00:00.0000000
2014,Knox,Per 1,000 people,66,2018-05-17 00:00:00.0000000
2014,Knox,Total served,3925,2018-05-17 00:00:00.0000000
2014,Lake,Per 1,000 people,10,2018-05-17 00:00:00.0000000
2014,Lake,Total served,17,2018-05-17 00:00:00.0000000
2014,Lauderdale,Per 1,000 people,35,2018-05-17 00:00:00.0000000
2014,Lauderdale,Total served,180,2018-05-17 00:00:00.0000000
2014,Lawrence,Per 1,000 people,45,2018-05-17 00:00:00.0000000
2014,Lawrence,Total served,275,2018-05-17 00:00:00.0000000
2014,Lewis,Per 1,000 people,50,2018-05-17 00:00:00.0000000
2014,Lewis,Total served,94,2018-05-17 00:00:00.0000000
2014,Lincoln,Per 1,000 people,44,2018-05-17 00:00:00.0000000
2014,Lincoln,Total served,207,2018-05-17 00:00:00.0000000
2014,Loudon,Per 1,000 people,57,2018-05-17 00:00:00.0000000
2014,Loudon,Total served,291,2018-05-17 00:00:00.0000000
2014,Macon,Per 1,000 people,32,2018-05-17 00:00:00.0000000
2014,Macon,Total served,107,2018-05-17 00:00:00.0000000
2014,Madison,Per 1,000 people,46,2018-05-17 00:00:00.0000000
2014,Madison,Total served,646,2018-05-17 00:00:00.0000000
2014,Marion,Per 1,000 people,35,2018-05-17 00:00:00.0000000
2014,Marion,Total served,153,2018-05-17 00:00:00.0000000
2014,Marshall,Per 1,000 people,84,2018-05-17 00:00:00.0000000
2014,Marshall,Total served,305,2018-05-17 00:00:00.0000000
2014,Maury,Per 1,000 people,59,2018-05-17 00:00:00.0000000
2014,Maury,Total served,593,2018-05-17 00:00:00.0000000
2014,McMinn,Per 1,000 people,165,2018-05-17 00:00:00.0000000
2014,McMinn,Total served,311,2018-05-17 00:00:00.0000000
2014,McNairy,Per 1,000 people,18,2018-05-17 00:00:00.0000000
2014,McNairy,Total served,147,2018-05-17 00:00:00.0000000
2014,Meigs,Per 1,000 people,16,2018-05-17 00:00:00.0000000
2014,Meigs,Total served,80,2018-05-17 00:00:00.0000000
2014,Monroe,Per 1,000 people,40,2018-05-17 00:00:00.0000000
2014,Monroe,Total served,266,2018-05-17 00:00:00.0000000
2014,Montgomery,Per 1,000 people,2213,2018-05-17 00:00:00.0000000
2014,Montgomery,Total served,1155,2018-05-17 00:00:00.0000000
2014,Moore,Per 1,000 people,0,2018-05-17 00:00:00.0000000
2014,Moore,Total served,10,2018-05-17 00:00:00.0000000
2014,Morgan,Per 1,000 people,9,2018-05-17 00:00:00.0000000
2014,Morgan,Total served,40,2018-05-17 00:00:00.0000000
2014,Obion,Per 1,000 people,63,2018-05-17 00:00:00.0000000
2014,Obion,Total served,313,2018-05-17 00:00:00.0000000
2014,Overton,Per 1,000 people,26,2018-05-17 00:00:00.0000000
2014,Overton,Total served,91,2018-05-17 00:00:00.0000000
2014,Perry,Per 1,000 people,14,2018-05-17 00:00:00.0000000
2014,Perry,Total served,23,2018-05-17 00:00:00.0000000
2014,Pickett,Per 1,000 people,15,2018-05-17 00:00:00.0000000
2014,Pickett,Total served,11,2018-05-17 00:00:00.0000000
2014,Polk,Per 1,000 people,21,2018-05-17 00:00:00.0000000
2014,Polk,Total served,50,2018-05-17 00:00:00.0000000
2014,Putnam,Per 1,000 people,32,2018-05-17 00:00:00.0000000
2014,Putnam,Total served,473,2018-05-17 00:00:00.0000000
2014,Rhea,Per 1,000 people,51,2018-05-17 00:00:00.0000000
2014,Rhea,Total served,282,2018-05-17 00:00:00.0000000
2014,Roane,Per 1,000 people,30,2018-05-17 00:00:00.0000000
2014,Roane,Total served,209,2018-05-17 00:00:00.0000000
2014,Robertson,Per 1,000 people,54,2018-05-17 00:00:00.0000000
2014,Robertson,Total served,295,2018-05-17 00:00:00.0000000
2014,Rutherford,Per 1,000 people,30,2018-05-17 00:00:00.0000000
2014,Rutherford,Total served,891,2018-05-17 00:00:00.0000000
2014,Scott,Per 1,000 people,29,2018-05-17 00:00:00.0000000
2014,Scott,Total served,136,2018-05-17 00:00:00.0000000
2014,Sequatchie,Per 1,000 people,36,2018-05-17 00:00:00.0000000
2014,Sequatchie,Total served,70,2018-05-17 00:00:00.0000000
2014,Sevier,Per 1,000 people,49,2018-05-17 00:00:00.0000000
2014,Sevier,Total served,571,2018-05-17 00:00:00.0000000
2014,Shelby,Per 1,000 people,23,2018-05-17 00:00:00.0000000
2014,Shelby,Total served,3273,2018-05-17 00:00:00.0000000
2014,Smith,Per 1,000 people,25,2018-05-17 00:00:00.0000000
2014,Smith,Total served,63,2018-05-17 00:00:00.0000000
2014,Stewart,Per 1,000 people,16,2018-05-17 00:00:00.0000000
2014,Stewart,Total served,29,2018-05-17 00:00:00.0000000
2014,Sullivan,Per 1,000 people,47,2018-05-17 00:00:00.0000000
2014,Sullivan,Total served,989,2018-05-17 00:00:00.0000000
2014,Sumner,Per 1,000 people,56,2018-05-17 00:00:00.0000000
2014,Sumner,Total served,748,2018-05-17 00:00:00.0000000
2014,Tennessee,Per 1,000 people,6,2018-05-17 00:00:00.0000000
2014,Tennessee,Total served,35517,2018-05-17 00:00:00.0000000
2014,Tipton,Per 1,000 people,55,2018-05-17 00:00:00.0000000
2014,Tipton,Total served,356,2018-05-17 00:00:00.0000000
2014,Trousdale,Per 1,000 people,52,2018-05-17 00:00:00.0000000
2014,Trousdale,Total served,49,2018-05-17 00:00:00.0000000
2014,Unicoi,Per 1,000 people,27,2018-05-17 00:00:00.0000000
2014,Unicoi,Total served,85,2018-05-17 00:00:00.0000000
2014,Union,Per 1,000 people,74,2018-05-17 00:00:00.0000000
2014,Union,Total served,253,2018-05-17 00:00:00.0000000
2014,VanBuren,Per 1,000 people,35,2018-05-17 00:00:00.0000000
2014,VanBuren,Total served,28,2018-05-17 00:00:00.0000000
2014,Warren,Per 1,000 people,41,2018-05-17 00:00:00.0000000
2014,Warren,Total served,257,2018-05-17 00:00:00.0000000
2014,Washington,Per 1,000 people,39,2018-05-17 00:00:00.0000000
2014,Washington,Total served,689,2018-05-17 00:00:00.0000000
2014,Wayne,Per 1,000 people,36,2018-05-17 00:00:00.0000000
2014,Wayne,Total served,84,2018-05-17 00:00:00.0000000
2014,Weakley,Per 1,000 people,29,2018-05-17 00:00:00.0000000
2014,Weakley,Total served,155,2018-05-17 00:00:00.0000000
2014,White,Per 1,000 people,40,2018-05-17 00:00:00.0000000
2014,White,Total served,152,2018-05-17 00:00:00.0000000
2014,Williamson,Per 1,000 people,20,2018-05-17 00:00:00.0000000
2014,Williamson,Total served,170,2018-05-17 00:00:00.0000000
2014,Wilson,Per 1,000 people,42,2018-05-17 00:00:00.0000000
2014,Wilson,Total served,395,2018-05-17 00:00:00.0000000
2015,Anderson,Per 1,000 people,35,2018-05-17 00:00:00.0000000
2015,Anderson,Total served,343,2018-05-17 00:00:00.0000000
2015,Bedford,Per 1,000 people,40,2018-05-17 00:00:00.0000000
2015,Bedford,Total served,227,2018-05-17 00:00:00.0000000
2015,Benton,Per 1,000 people,40,2018-05-17 00:00:00.0000000
2015,Benton,Total served,120,2018-05-17 00:00:00.0000000
2015,Bledsoe,Per 1,000 people,14,2018-05-17 00:00:00.0000000
2015,Bledsoe,Total served,41,2018-05-17 00:00:00.0000000
2015,Blount,Per 1,000 people,57,2018-05-17 00:00:00.0000000
2015,Blount,Total served,775,2018-05-17 00:00:00.0000000
2015,Bradley,Per 1,000 people,22,2018-05-17 00:00:00.0000000
2015,Bradley,Total served,316,2018-05-17 00:00:00.0000000
2015,Campbell,Per 1,000 people,33,2018-05-17 00:00:00.0000000
2015,Campbell,Total served,233,2018-05-17 00:00:00.0000000
2015,Cannon,Per 1,000 people,29,2018-05-17 00:00:00.0000000
2015,Cannon,Total served,52,2018-05-17 00:00:00.0000000
2015,Carroll,Per 1,000 people,39,2018-05-17 00:00:00.0000000
2015,Carroll,Total served,181,2018-05-17 00:00:00.0000000
2015,Carter,Per 1,000 people,25,2018-05-17 00:00:00.0000000
2015,Carter,Total served,271,2018-05-17 00:00:00.0000000
2015,Cheatham,Per 1,000 people,28,2018-05-17 00:00:00.0000000
2015,Cheatham,Total served,118,2018-05-17 00:00:00.0000000
2015,Chester,Per 1,000 people,42,2018-05-17 00:00:00.0000000
2015,Chester,Total served,102,2018-05-17 00:00:00.0000000
2015,Claiborne,Per 1,000 people,53,2018-05-17 00:00:00.0000000
2015,Claiborne,Total served,300,2018-05-17 00:00:00.0000000
2015,Clay,Per 1,000 people,16,2018-05-17 00:00:00.0000000
2015,Clay,Total served,26,2018-05-17 00:00:00.0000000
2015,Cocke,Per 1,000 people,62,2018-05-17 00:00:00.0000000
2015,Cocke,Total served,435,2018-05-17 00:00:00.0000000
2015,Coffee,Per 1,000 people,50,2018-05-17 00:00:00.0000000
2015,Coffee,Total served,324,2018-05-17 00:00:00.0000000
2015,Crockett,Per 1,000 people,31,2018-05-17 00:00:00.0000000
2015,Crockett,Total served,62,2018-05-17 00:00:00.0000000
2015,Cumberland,Per 1,000 people,32,2018-05-17 00:00:00.0000000
2015,Cumberland,Total served,237,2018-05-17 00:00:00.0000000
2015,Davidson,Per 1,000 people,38,2018-05-17 00:00:00.0000000
2015,Davidson,Total served,3415,2018-05-17 00:00:00.0000000
2015,Decatur,Per 1,000 people,39,2018-05-17 00:00:00.0000000
2015,Decatur,Total served,75,2018-05-17 00:00:00.0000000
2015,DeKalb,Per 1,000 people,28,2018-05-17 00:00:00.0000000
2015,DeKalb,Total served,95,2018-05-17 00:00:00.0000000
2015,Dickson,Per 1,000 people,55,2018-05-17 00:00:00.0000000
2015,Dickson,Total served,346,2018-05-17 00:00:00.0000000
2015,Dyer,Per 1,000 people,57,2018-05-17 00:00:00.0000000
2015,Dyer,Total served,308,2018-05-17 00:00:00.0000000
2015,Fayette,Per 1,000 people,20,2018-05-17 00:00:00.0000000
2015,Fayette,Total served,92,2018-05-17 00:00:00.0000000
2015,Fentress,Per 1,000 people,19,2018-05-17 00:00:00.0000000
2015,Fentress,Total served,69,2018-05-17 00:00:00.0000000
2015,Franklin,Per 1,000 people,35,2018-05-17 00:00:00.0000000
2015,Franklin,Total served,198,2018-05-17 00:00:00.0000000
2015,Gibson,Per 1,000 people,56,2018-05-17 00:00:00.0000000
2015,Gibson,Total served,368,2018-05-17 00:00:00.0000000
2015,Giles,Per 1,000 people,54,2018-05-17 00:00:00.0000000
2015,Giles,Total served,216,2018-05-17 00:00:00.0000000
2015,Grainger,Per 1,000 people,46,2018-05-17 00:00:00.0000000
2015,Grainger,Total served,174,2018-05-17 00:00:00.0000000
2015,Greene,Per 1,000 people,64,2018-05-17 00:00:00.0000000
2015,Greene,Total served,661,2018-05-17 00:00:00.0000000
2015,Grundy,Per 1,000 people,19,2018-05-17 00:00:00.0000000
2015,Grundy,Total served,57,2018-05-17 00:00:00.0000000
2015,Hamblen,Per 1,000 people,52,2018-05-17 00:00:00.0000000
2015,Hamblen,Total served,543,2018-05-17 00:00:00.0000000
2015,Hamilton,Per 1,000 people,38,2018-05-17 00:00:00.0000000
2015,Hamilton,Total served,1565,2018-05-17 00:00:00.0000000
2015,Hancock,Per 1,000 people,42,2018-05-17 00:00:00.0000000
2015,Hancock,Total served,59,2018-05-17 00:00:00.0000000
2015,Hardeman,Per 1,000 people,23,2018-05-17 00:00:00.0000000
2015,Hardeman,Total served,109,2018-05-17 00:00:00.0000000
2015,Hardin,Per 1,000 people,26,2018-05-17 00:00:00.0000000
2015,Hardin,Total served,119,2018-05-17 00:00:00.0000000
2015,Hawkins,Per 1,000 people,37,2018-05-17 00:00:00.0000000
2015,Hawkins,Total served,319,2018-05-17 00:00:00.0000000
2015,Haywood,Per 1,000 people,40,2018-05-17 00:00:00.0000000
2015,Haywood,Total served,116,2018-05-17 00:00:00.0000000
2015,Henderson,Per 1,000 people,72,2018-05-17 00:00:00.0000000
2015,Henderson,Total served,300,2018-05-17 00:00:00.0000000
2015,Henry,Per 1,000 people,55,2018-05-17 00:00:00.0000000
2015,Henry,Total served,263,2018-05-17 00:00:00.0000000
2015,Hickman,Per 1,000 people,31,2018-05-17 00:00:00.0000000
2015,Hickman,Total served,142,2018-05-17 00:00:00.0000000
2015,Houston,Per 1,000 people,24,2018-05-17 00:00:00.0000000
2015,Houston,Total served,30,2018-05-17 00:00:00.0000000
2015,Humphreys,Per 1,000 people,37,2018-05-17 00:00:00.0000000
2015,Humphreys,Total served,97,2018-05-17 00:00:00.0000000
2015,Jackson,Per 1,000 people,9,2018-05-17 00:00:00.0000000
2015,Jackson,Total served,56,2018-05-17 00:00:00.0000000
2015,Jefferson,Per 1,000 people,131,2018-05-17 00:00:00.0000000
2015,Jefferson,Total served,317,2018-05-17 00:00:00.0000000
2015,Johnson,Per 1,000 people,21,2018-05-17 00:00:00.0000000
2015,Johnson,Total served,79,2018-05-17 00:00:00.0000000
2015,Knox,Per 1,000 people,64,2018-05-17 00:00:00.0000000
2015,Knox,Total served,3808,2018-05-17 00:00:00.0000000
2015,Lake,Per 1,000 people,13,2018-05-17 00:00:00.0000000
2015,Lake,Total served,22,2018-05-17 00:00:00.0000000
2015,Lauderdale,Per 1,000 people,32,2018-05-17 00:00:00.0000000
2015,Lauderdale,Total served,167,2018-05-17 00:00:00.0000000
2015,Lawrence,Per 1,000 people,41,2018-05-17 00:00:00.0000000
2015,Lawrence,Total served,249,2018-05-17 00:00:00.0000000
2015,Lewis,Per 1,000 people,39,2018-05-17 00:00:00.0000000
2015,Lewis,Total served,73,2018-05-17 00:00:00.0000000
2015,Lincoln,Per 1,000 people,37,2018-05-17 00:00:00.0000000
2015,Lincoln,Total served,178,2018-05-17 00:00:00.0000000
2015,Loudon,Per 1,000 people,53,2018-05-17 00:00:00.0000000
2015,Loudon,Total served,270,2018-05-17 00:00:00.0000000
2015,Macon,Per 1,000 people,30,2018-05-17 00:00:00.0000000
2015,Macon,Total served,99,2018-05-17 00:00:00.0000000
2015,Madison,Per 1,000 people,39,2018-05-17 00:00:00.0000000
2015,Madison,Total served,559,2018-05-17 00:00:00.0000000
2015,Marion,Per 1,000 people,33,2018-05-17 00:00:00.0000000
2015,Marion,Total served,145,2018-05-17 00:00:00.0000000
2015,Marshall,Per 1,000 people,75,2018-05-17 00:00:00.0000000
2015,Marshall,Total served,272,2018-05-17 00:00:00.0000000
2015,Maury,Per 1,000 people,58,2018-05-17 00:00:00.0000000
2015,Maury,Total served,583,2018-05-17 00:00:00.0000000
2015,McMinn,Per 1,000 people,160,2018-05-17 00:00:00.0000000
2015,McMinn,Total served,303,2018-05-17 00:00:00.0000000
2015,McNairy,Per 1,000 people,19,2018-05-17 00:00:00.0000000
2015,McNairy,Total served,155,2018-05-17 00:00:00.0000000
2015,Meigs,Per 1,000 people,16,2018-05-17 00:00:00.0000000
2015,Meigs,Total served,79,2018-05-17 00:00:00.0000000
2015,Monroe,Per 1,000 people,38,2018-05-17 00:00:00.0000000
2015,Monroe,Total served,249,2018-05-17 00:00:00.0000000
2015,Montgomery,Per 1,000 people,2343,2018-05-17 00:00:00.0000000
2015,Montgomery,Total served,1223,2018-05-17 00:00:00.0000000
2015,Moore,Per 1,000 people,0,2018-05-17 00:00:00.0000000
2015,Moore,Total served,7,2018-05-17 00:00:00.0000000
2015,Morgan,Per 1,000 people,7,2018-05-17 00:00:00.0000000
2015,Morgan,Total served,31,2018-05-17 00:00:00.0000000
2015,Obion,Per 1,000 people,63,2018-05-17 00:00:00.0000000
2015,Obion,Total served,314,2018-05-17 00:00:00.0000000
2015,Overton,Per 1,000 people,25,2018-05-17 00:00:00.0000000
2015,Overton,Total served,87,2018-05-17 00:00:00.0000000
2015,Perry,Per 1,000 people,12,2018-05-17 00:00:00.0000000
2015,Perry,Total served,20,2018-05-17 00:00:00.0000000
2015,Pickett,Per 1,000 people,12,2018-05-17 00:00:00.0000000
2015,Pickett,Total served,9,2018-05-17 00:00:00.0000000
2015,Polk,Per 1,000 people,21,2018-05-17 00:00:00.0000000
2015,Polk,Total served,52,2018-05-17 00:00:00.0000000
2015,Putnam,Per 1,000 people,30,2018-05-17 00:00:00.0000000
2015,Putnam,Total served,441,2018-05-17 00:00:00.0000000
2015,Rhea,Per 1,000 people,42,2018-05-17 00:00:00.0000000
2015,Rhea,Total served,236,2018-05-17 00:00:00.0000000
2015,Roane,Per 1,000 people,26,2018-05-17 00:00:00.0000000
2015,Roane,Total served,186,2018-05-17 00:00:00.0000000
2015,Robertson,Per 1,000 people,50,2018-05-17 00:00:00.0000000
2015,Robertson,Total served,272,2018-05-17 00:00:00.0000000
2015,Rutherford,Per 1,000 people,29,2018-05-17 00:00:00.0000000
2015,Rutherford,Total served,862,2018-05-17 00:00:00.0000000
2015,Scott,Per 1,000 people,19,2018-05-17 00:00:00.0000000
2015,Scott,Total served,87,2018-05-17 00:00:00.0000000
2015,Sequatchie,Per 1,000 people,36,2018-05-17 00:00:00.0000000
2015,Sequatchie,Total served,71,2018-05-17 00:00:00.0000000
2015,Sevier,Per 1,000 people,42,2018-05-17 00:00:00.0000000
2015,Sevier,Total served,490,2018-05-17 00:00:00.0000000
2015,Shelby,Per 1,000 people,23,2018-05-17 00:00:00.0000000
2015,Shelby,Total served,3186,2018-05-17 00:00:00.0000000
2015,Smith,Per 1,000 people,23,2018-05-17 00:00:00.0000000
2015,Smith,Total served,59,2018-05-17 00:00:00.0000000
2015,Stewart,Per 1,000 people,18,2018-05-17 00:00:00.0000000
2015,Stewart,Total served,33,2018-05-17 00:00:00.0000000
2015,Sullivan,Per 1,000 people,44,2018-05-17 00:00:00.0000000
2015,Sullivan,Total served,917,2018-05-17 00:00:00.0000000
2015,Sumner,Per 1,000 people,45,2018-05-17 00:00:00.0000000
2015,Sumner,Total served,593,2018-05-17 00:00:00.0000000
2015,Tennessee,Per 1,000 people,6,2018-05-17 00:00:00.0000000
2015,Tennessee,Total served,34812,2018-05-17 00:00:00.0000000
2015,Tipton,Per 1,000 people,43,2018-05-17 00:00:00.0000000
2015,Tipton,Total served,275,2018-05-17 00:00:00.0000000
2015,Trousdale,Per 1,000 people,47,2018-05-17 00:00:00.0000000
2015,Trousdale,Total served,44,2018-05-17 00:00:00.0000000
2015,Unicoi,Per 1,000 people,25,2018-05-17 00:00:00.0000000
2015,Unicoi,Total served,78,2018-05-17 00:00:00.0000000
2015,Union,Per 1,000 people,70,2018-05-17 00:00:00.0000000
2015,Union,Total served,240,2018-05-17 00:00:00.0000000
2015,VanBuren,Per 1,000 people,31,2018-05-17 00:00:00.0000000
2015,VanBuren,Total served,25,2018-05-17 00:00:00.0000000
2015,Warren,Per 1,000 people,76,2018-05-17 00:00:00.0000000
2015,Warren,Total served,475,2018-05-17 00:00:00.0000000
2015,Washington,Per 1,000 people,79,2018-05-17 00:00:00.0000000
2015,Washington,Total served,1381,2018-05-17 00:00:00.0000000
2015,Wayne,Per 1,000 people,44,2018-05-17 00:00:00.0000000
2015,Wayne,Total served,104,2018-05-17 00:00:00.0000000
2015,Weakley,Per 1,000 people,42,2018-05-17 00:00:00.0000000
2015,Weakley,Total served,222,2018-05-17 00:00:00.0000000
2015,White,Per 1,000 people,63,2018-05-17 00:00:00.0000000
2015,White,Total served,242,2018-05-17 00:00:00.0000000
2015,Williamson,Per 1,000 people,34,2018-05-17 00:00:00.0000000
2015,Williamson,Total served,294,2018-05-17 00:00:00.0000000
2015,Wilson,Per 1,000 people,74,2018-05-17 00:00:00.0000000
2015,Wilson,Total served,694,2018-05-17 00:00:00.0000000
2016,Anderson,Per 1,000 people,35,2018-05-17 00:00:00.0000000
2016,Anderson,Total served,341,2018-05-17 00:00:00.0000000
2016,Bedford,Per 1,000 people,39,2018-05-17 00:00:00.0000000
2016,Bedford,Total served,218,2018-05-17 00:00:00.0000000
2016,Benton,Per 1,000 people,39,2018-05-17 00:00:00.0000000
2016,Benton,Total served,117,2018-05-17 00:00:00.0000000
2016,Bledsoe,Per 1,000 people,14,2018-05-17 00:00:00.0000000
2016,Bledsoe,Total served,42,2018-05-17 00:00:00.0000000
2016,Blount,Per 1,000 people,56,2018-05-17 00:00:00.0000000
2016,Blount,Total served,766,2018-05-17 00:00:00.0000000
2016,Bradley,Per 1,000 people,22,2018-05-17 00:00:00.0000000
2016,Bradley,Total served,312,2018-05-17 00:00:00.0000000
2016,Campbell,Per 1,000 people,33,2018-05-17 00:00:00.0000000
2016,Campbell,Total served,232,2018-05-17 00:00:00.0000000
2016,Cannon,Per 1,000 people,29,2018-05-17 00:00:00.0000000
2016,Cannon,Total served,52,2018-05-17 00:00:00.0000000
2016,Carroll,Per 1,000 people,37,2018-05-17 00:00:00.0000000
2016,Carroll,Total served,171,2018-05-17 00:00:00.0000000
2016,Carter,Per 1,000 people,25,2018-05-17 00:00:00.0000000
2016,Carter,Total served,269,2018-05-17 00:00:00.0000000
2016,Cheatham,Per 1,000 people,28,2018-05-17 00:00:00.0000000
2016,Cheatham,Total served,117,2018-05-17 00:00:00.0000000
2016,Chester,Per 1,000 people,40,2018-05-17 00:00:00.0000000
2016,Chester,Total served,97,2018-05-17 00:00:00.0000000
2016,Claiborne,Per 1,000 people,52,2018-05-17 00:00:00.0000000
2016,Claiborne,Total served,295,2018-05-17 00:00:00.0000000
2016,Clay,Per 1,000 people,16,2018-05-17 00:00:00.0000000
2016,Clay,Total served,26,2018-05-17 00:00:00.0000000
2016,Cocke,Per 1,000 people,61,2018-05-17 00:00:00.0000000
2016,Cocke,Total served,431,2018-05-17 00:00:00.0000000
2016,Coffee,Per 1,000 people,49,2018-05-17 00:00:00.0000000
2016,Coffee,Total served,317,2018-05-17 00:00:00.0000000
2016,Crockett,Per 1,000 people,30,2018-05-17 00:00:00.0000000
2016,Crockett,Total served,60,2018-05-17 00:00:00.0000000
2016,Cumberland,Per 1,000 people,31,2018-05-17 00:00:00.0000000
2016,Cumberland,Total served,233,2018-05-17 00:00:00.0000000
2016,Davidson,Per 1,000 people,37,2018-05-17 00:00:00.0000000
2016,Davidson,Total served,3333,2018-05-17 00:00:00.0000000
2016,Decatur,Per 1,000 people,38,2018-05-17 00:00:00.0000000
2016,Decatur,Total served,73,2018-05-17 00:00:00.0000000
2016,DeKalb,Per 1,000 people,28,2018-05-17 00:00:00.0000000
2016,DeKalb,Total served,93,2018-05-17 00:00:00.0000000
2016,Dickson,Per 1,000 people,54,2018-05-17 00:00:00.0000000
2016,Dickson,Total served,340,2018-05-17 00:00:00.0000000
2016,Dyer,Per 1,000 people,55,2018-05-17 00:00:00.0000000
2016,Dyer,Total served,299,2018-05-17 00:00:00.0000000
2016,Fayette,Per 1,000 people,20,2018-05-17 00:00:00.0000000
2016,Fayette,Total served,89,2018-05-17 00:00:00.0000000
2016,Fentress,Per 1,000 people,19,2018-05-17 00:00:00.0000000
2016,Fentress,Total served,68,2018-05-17 00:00:00.0000000
2016,Franklin,Per 1,000 people,34,2018-05-17 00:00:00.0000000
2016,Franklin,Total served,196,2018-05-17 00:00:00.0000000
2016,Gibson,Per 1,000 people,55,2018-05-17 00:00:00.0000000
2016,Gibson,Total served,360,2018-05-17 00:00:00.0000000
2016,Giles,Per 1,000 people,53,2018-05-17 00:00:00.0000000
2016,Giles,Total served,212,2018-05-17 00:00:00.0000000
2016,Grainger,Per 1,000 people,45,2018-05-17 00:00:00.0000000
2016,Grainger,Total served,172,2018-05-17 00:00:00.0000000
2016,Greene,Per 1,000 people,64,2018-05-17 00:00:00.0000000
2016,Greene,Total served,659,2018-05-17 00:00:00.0000000
2016,Grundy,Per 1,000 people,19,2018-05-17 00:00:00.0000000
2016,Grundy,Total served,57,2018-05-17 00:00:00.0000000
2016,Hamblen,Per 1,000 people,51,2018-05-17 00:00:00.0000000
2016,Hamblen,Total served,532,2018-05-17 00:00:00.0000000
2016,Hamilton,Per 1,000 people,36,2018-05-17 00:00:00.0000000
2016,Hamilton,Total served,1507,2018-05-17 00:00:00.0000000
2016,Hancock,Per 1,000 people,41,2018-05-17 00:00:00.0000000
2016,Hancock,Total served,58,2018-05-17 00:00:00.0000000
2016,Hardeman,Per 1,000 people,23,2018-05-17 00:00:00.0000000
2016,Hardeman,Total served,108,2018-05-17 00:00:00.0000000
2016,Hardin,Per 1,000 people,26,2018-05-17 00:00:00.0000000
2016,Hardin,Total served,117,2018-05-17 00:00:00.0000000
2016,Hawkins,Per 1,000 people,37,2018-05-17 00:00:00.0000000
2016,Hawkins,Total served,315,2018-05-17 00:00:00.0000000
2016,Haywood,Per 1,000 people,38,2018-05-17 00:00:00.0000000
2016,Haywood,Total served,111,2018-05-17 00:00:00.0000000
2016,Henderson,Per 1,000 people,70,2018-05-17 00:00:00.0000000
2016,Henderson,Total served,294,2018-05-17 00:00:00.0000000
2016,Henry,Per 1,000 people,54,2018-05-17 00:00:00.0000000
2016,Henry,Total served,260,2018-05-17 00:00:00.0000000
2016,Hickman,Per 1,000 people,30,2018-05-17 00:00:00.0000000
2016,Hickman,Total served,136,2018-05-17 00:00:00.0000000
2016,Houston,Per 1,000 people,24,2018-05-17 00:00:00.0000000
2016,Houston,Total served,30,2018-05-17 00:00:00.0000000
2016,Humphreys,Per 1,000 people,37,2018-05-17 00:00:00.0000000
2016,Humphreys,Total served,96,2018-05-17 00:00:00.0000000
2016,Jackson,Per 1,000 people,9,2018-05-17 00:00:00.0000000
2016,Jackson,Total served,56,2018-05-17 00:00:00.0000000
2016,Jefferson,Per 1,000 people,129,2018-05-17 00:00:00.0000000
2016,Jefferson,Total served,313,2018-05-17 00:00:00.0000000
2016,Johnson,Per 1,000 people,20,2018-05-17 00:00:00.0000000
2016,Johnson,Total served,78,2018-05-17 00:00:00.0000000
2016,Knox,Per 1,000 people,62,2018-05-17 00:00:00.0000000
2016,Knox,Total served,3705,2018-05-17 00:00:00.0000000
2016,Lake,Per 1,000 people,11,2018-05-17 00:00:00.0000000
2016,Lake,Total served,19,2018-05-17 00:00:00.0000000
2016,Lauderdale,Per 1,000 people,32,2018-05-17 00:00:00.0000000
2016,Lauderdale,Total served,164,2018-05-17 00:00:00.0000000
2016,Lawrence,Per 1,000 people,40,2018-05-17 00:00:00.0000000
2016,Lawrence,Total served,246,2018-05-17 00:00:00.0000000
2016,Lewis,Per 1,000 people,36,2018-05-17 00:00:00.0000000
2016,Lewis,Total served,68,2018-05-17 00:00:00.0000000
2016,Lincoln,Per 1,000 people,37,2018-05-17 00:00:00.0000000
2016,Lincoln,Total served,174,2018-05-17 00:00:00.0000000
2016,Loudon,Per 1,000 people,51,2018-05-17 00:00:00.0000000
2016,Loudon,Total served,259,2018-05-17 00:00:00.0000000
2016,Macon,Per 1,000 people,29,2018-05-17 00:00:00.0000000
2016,Macon,Total served,95,2018-05-17 00:00:00.0000000
2016,Madison,Per 1,000 people,38,2018-05-17 00:00:00.0000000
2016,Madison,Total served,542,2018-05-17 00:00:00.0000000
2016,Marion,Per 1,000 people,32,2018-05-17 00:00:00.0000000
2016,Marion,Total served,139,2018-05-17 00:00:00.0000000
2016,Marshall,Per 1,000 people,74,2018-05-17 00:00:00.0000000
2016,Marshall,Total served,267,2018-05-17 00:00:00.0000000
2016,Maury,Per 1,000 people,57,2018-05-17 00:00:00.0000000
2016,Maury,Total served,574,2018-05-17 00:00:00.0000000
2016,McMinn,Per 1,000 people,155,2018-05-17 00:00:00.0000000
2016,McMinn,Total served,293,2018-05-17 00:00:00.0000000
2016,McNairy,Per 1,000 people,18,2018-05-17 00:00:00.0000000
2016,McNairy,Total served,148,2018-05-17 00:00:00.0000000
2016,Meigs,Per 1,000 people,16,2018-05-17 00:00:00.0000000
2016,Meigs,Total served,77,2018-05-17 00:00:00.0000000
2016,Monroe,Per 1,000 people,36,2018-05-17 00:00:00.0000000
2016,Monroe,Total served,239,2018-05-17 00:00:00.0000000
2016,Montgomery,Per 1,000 people,2326,2018-05-17 00:00:00.0000000
2016,Montgomery,Total served,1214,2018-05-17 00:00:00.0000000
2016,Moore,Per 1,000 people,0,2018-05-17 00:00:00.0000000
2016,Moore,Total served,6,2018-05-17 00:00:00.0000000
2016,Morgan,Per 1,000 people,8,2018-05-17 00:00:00.0000000
2016,Morgan,Total served,32,2018-05-17 00:00:00.0000000
2016,Obion,Per 1,000 people,62,2018-05-17 00:00:00.0000000
2016,Obion,Total served,309,2018-05-17 00:00:00.0000000
2016,Overton,Per 1,000 people,0,2018-05-17 00:00:00.0000000
2016,Overton,Total served,1,2018-05-17 00:00:00.0000000
2016,Perry,Per 1,000 people,51,2018-05-17 00:00:00.0000000
2016,Perry,Total served,85,2018-05-17 00:00:00.0000000
2016,Pickett,Per 1,000 people,26,2018-05-17 00:00:00.0000000
2016,Pickett,Total served,19,2018-05-17 00:00:00.0000000
2016,Polk,Per 1,000 people,4,2018-05-17 00:00:00.0000000
2016,Polk,Total served,9,2018-05-17 00:00:00.0000000
2016,Putnam,Per 1,000 people,3,2018-05-17 00:00:00.0000000
2016,Putnam,Total served,51,2018-05-17 00:00:00.0000000
2016,Rhea,Per 1,000 people,78,2018-05-17 00:00:00.0000000
2016,Rhea,Total served,433,2018-05-17 00:00:00.0000000
2016,Roane,Per 1,000 people,33,2018-05-17 00:00:00.0000000
2016,Roane,Total served,233,2018-05-17 00:00:00.0000000
2016,Robertson,Per 1,000 people,33,2018-05-17 00:00:00.0000000
2016,Robertson,Total served,182,2018-05-17 00:00:00.0000000
2016,Rutherford,Per 1,000 people,9,2018-05-17 00:00:00.0000000
2016,Rutherford,Total served,270,2018-05-17 00:00:00.0000000
2016,Scott,Per 1,000 people,177,2018-05-17 00:00:00.0000000
2016,Scott,Total served,830,2018-05-17 00:00:00.0000000
2016,Sequatchie,Per 1,000 people,43,2018-05-17 00:00:00.0000000
2016,Sequatchie,Total served,85,2018-05-17 00:00:00.0000000
2016,Sevier,Per 1,000 people,6,2018-05-17 00:00:00.0000000
2016,Sevier,Total served,70,2018-05-17 00:00:00.0000000
2016,Shelby,Per 1,000 people,3,2018-05-17 00:00:00.0000000
2016,Shelby,Total served,480,2018-05-17 00:00:00.0000000
2016,Smith,Per 1,000 people,1240,2018-05-17 00:00:00.0000000
2016,Smith,Total served,3147,2018-05-17 00:00:00.0000000
2016,Stewart,Per 1,000 people,32,2018-05-17 00:00:00.0000000
2016,Stewart,Total served,59,2018-05-17 00:00:00.0000000
2016,Sullivan,Per 1,000 people,2,2018-05-17 00:00:00.0000000
2016,Sullivan,Total served,32,2018-05-17 00:00:00.0000000
2016,Sumner,Per 1,000 people,69,2018-05-17 00:00:00.0000000
2016,Sumner,Total served,912,2018-05-17 00:00:00.0000000
2016,Tennessee,Per 1,000 people,5,2018-05-17 00:00:00.0000000
2016,Tennessee,Total served,32117,2018-05-17 00:00:00.0000000
2016,Tipton,Per 1,000 people,90,2018-05-17 00:00:00.0000000
2016,Tipton,Total served,581,2018-05-17 00:00:00.0000000
2016,Trousdale,Per 1,000 people,286,2018-05-17 00:00:00.0000000
2016,Trousdale,Total served,269,2018-05-17 00:00:00.0000000
2016,Unicoi,Per 1,000 people,14,2018-05-17 00:00:00.0000000
2016,Unicoi,Total served,43,2018-05-17 00:00:00.0000000
2016,Union,Per 1,000 people,22,2018-05-17 00:00:00.0000000
2016,Union,Total served,77,2018-05-17 00:00:00.0000000
2016,VanBuren,Per 1,000 people,298,2018-05-17 00:00:00.0000000
2016,VanBuren,Total served,239,2018-05-17 00:00:00.0000000
2016,Warren,Per 1,000 people,4,2018-05-17 00:00:00.0000000
2016,Warren,Total served,25,2018-05-17 00:00:00.0000000
2016,Washington,Per 1,000 people,13,2018-05-17 00:00:00.0000000
2016,Washington,Total served,235,2018-05-17 00:00:00.0000000
2016,Wayne,Per 1,000 people,293,2018-05-17 00:00:00.0000000
2016,Wayne,Total served,692,2018-05-17 00:00:00.0000000
2016,Weakley,Per 1,000 people,10,2018-05-17 00:00:00.0000000
2016,Weakley,Total served,51,2018-05-17 00:00:00.0000000
2016,White,Per 1,000 people,28,2018-05-17 00:00:00.0000000
2016,White,Total served,109,2018-05-17 00:00:00.0000000
2016,Williamson,Per 1,000 people,14,2018-05-17 00:00:00.0000000
2016,Williamson,Total served,123,2018-05-17 00:00:00.0000000
2016,Wilson,Per 1,000 people,16,2018-05-17 00:00:00.0000000
2016,Wilson,Total served,147,2018-05-17 00:00:00.0000000
2017,Anderson,Per 1,000 people,46,2018-05-17 00:00:00.0000000
2017,Anderson,Total served,454,2018-05-17 00:00:00.0000000
2017,Bedford,Per 1,000 people,39,2018-05-17 00:00:00.0000000
2017,Bedford,Total served,218,2018-05-17 00:00:00.0000000
2017,Benton,Per 1,000 people,42,2018-05-17 00:00:00.0000000
2017,Benton,Total served,126,2018-05-17 00:00:00.0000000
2017,Bledsoe,Per 1,000 people,17,2018-05-17 00:00:00.0000000
2017,Bledsoe,Total served,51,2018-05-17 00:00:00.0000000
2017,Blount,Per 1,000 people,56,2018-05-17 00:00:00.0000000
2017,Blount,Total served,762,2018-05-17 00:00:00.0000000
2017,Bradley,Per 1,000 people,28,2018-05-17 00:00:00.0000000
2017,Bradley,Total served,405,2018-05-17 00:00:00.0000000
2017,Campbell,Per 1,000 people,45,2018-05-17 00:00:00.0000000
2017,Campbell,Total served,312,2018-05-17 00:00:00.0000000
2017,Cannon,Per 1,000 people,27,2018-05-17 00:00:00.0000000
2017,Cannon,Total served,49,2018-05-17 00:00:00.0000000
2017,Carroll,Per 1,000 people,35,2018-05-17 00:00:00.0000000
2017,Carroll,Total served,159,2018-05-17 00:00:00.0000000
2017,Carter,Per 1,000 people,24,2018-05-17 00:00:00.0000000
2017,Carter,Total served,254,2018-05-17 00:00:00.0000000
2017,Cheatham,Per 1,000 people,21,2018-05-17 00:00:00.0000000
2017,Cheatham,Total served,89,2018-05-17 00:00:00.0000000
2017,Chester,Per 1,000 people,32,2018-05-17 00:00:00.0000000
2017,Chester,Total served,77,2018-05-17 00:00:00.0000000
2017,Claiborne,Per 1,000 people,40,2018-05-17 00:00:00.0000000
2017,Claiborne,Total served,226,2018-05-17 00:00:00.0000000
2017,Clay,Per 1,000 people,17,2018-05-17 00:00:00.0000000
2017,Clay,Total served,28,2018-05-17 00:00:00.0000000
2017,Cocke,Per 1,000 people,49,2018-05-17 00:00:00.0000000
2017,Cocke,Total served,344,2018-05-17 00:00:00.0000000
2017,Coffee,Per 1,000 people,44,2018-05-17 00:00:00.0000000
2017,Coffee,Total served,289,2018-05-17 00:00:00.0000000
2017,Crockett,Per 1,000 people,20,2018-05-17 00:00:00.0000000
2017,Crockett,Total served,41,2018-05-17 00:00:00.0000000
2017,Cumberland,Per 1,000 people,34,2018-05-17 00:00:00.0000000
2017,Cumberland,Total served,254,2018-05-17 00:00:00.0000000
2017,Davidson,Per 1,000 people,34,2018-05-17 00:00:00.0000000
2017,Davidson,Total served,3025,2018-05-17 00:00:00.0000000
2017,Decatur,Per 1,000 people,33,2018-05-17 00:00:00.0000000
2017,Decatur,Total served,62,2018-05-17 00:00:00.0000000
2017,DeKalb,Per 1,000 people,30,2018-05-17 00:00:00.0000000
2017,DeKalb,Total served,101,2018-05-17 00:00:00.0000000
2017,Dickson,Per 1,000 people,42,2018-05-17 00:00:00.0000000
2017,Dickson,Total served,265,2018-05-17 00:00:00.0000000
2017,Dyer,Per 1,000 people,41,2018-05-17 00:00:00.0000000
2017,Dyer,Total served,222,2018-05-17 00:00:00.0000000
2017,Fayette,Per 1,000 people,15,2018-05-17 00:00:00.0000000
2017,Fayette,Total served,68,2018-05-17 00:00:00.0000000
2017,Fentress,Per 1,000 people,19,2018-05-17 00:00:00.0000000
2017,Fentress,Total served,69,2018-05-17 00:00:00.0000000
2017,Franklin,Per 1,000 people,31,2018-05-17 00:00:00.0000000
2017,Franklin,Total served,174,2018-05-17 00:00:00.0000000
2017,Gibson,Per 1,000 people,45,2018-05-17 00:00:00.0000000
2017,Gibson,Total served,298,2018-05-17 00:00:00.0000000
2017,Giles,Per 1,000 people,44,2018-05-17 00:00:00.0000000
2017,Giles,Total served,175,2018-05-17 00:00:00.0000000
2017,Grainger,Per 1,000 people,33,2018-05-17 00:00:00.0000000
2017,Grainger,Total served,126,2018-05-17 00:00:00.0000000
2017,Greene,Per 1,000 people,45,2018-05-17 00:00:00.0000000
2017,Greene,Total served,465,2018-05-17 00:00:00.0000000
2017,Grundy,Per 1,000 people,20,2018-05-17 00:00:00.0000000
2017,Grundy,Total served,61,2018-05-17 00:00:00.0000000
2017,Hamblen,Per 1,000 people,44,2018-05-17 00:00:00.0000000
2017,Hamblen,Total served,458,2018-05-17 00:00:00.0000000
2017,Hamilton,Per 1,000 people,38,2018-05-17 00:00:00.0000000
2017,Hamilton,Total served,1576,2018-05-17 00:00:00.0000000
2017,Hancock,Per 1,000 people,33,2018-05-17 00:00:00.0000000
2017,Hancock,Total served,46,2018-05-17 00:00:00.0000000
2017,Hardeman,Per 1,000 people,19,2018-05-17 00:00:00.0000000
2017,Hardeman,Total served,90,2018-05-17 00:00:00.0000000
2017,Hardin,Per 1,000 people,24,2018-05-17 00:00:00.0000000
2017,Hardin,Total served,108,2018-05-17 00:00:00.0000000
2017,Hawkins,Per 1,000 people,30,2018-05-17 00:00:00.0000000
2017,Hawkins,Total served,262,2018-05-17 00:00:00.0000000
2017,Haywood,Per 1,000 people,35,2018-05-17 00:00:00.0000000
2017,Haywood,Total served,102,2018-05-17 00:00:00.0000000
2017,Henderson,Per 1,000 people,56,2018-05-17 00:00:00.0000000
2017,Henderson,Total served,232,2018-05-17 00:00:00.0000000
2017,Henry,Per 1,000 people,49,2018-05-17 00:00:00.0000000
2017,Henry,Total served,234,2018-05-17 00:00:00.0000000
2017,Hickman,Per 1,000 people,26,2018-05-17 00:00:00.0000000
2017,Hickman,Total served,120,2018-05-17 00:00:00.0000000
2017,Houston,Per 1,000 people,30,2018-05-17 00:00:00.0000000
2017,Houston,Total served,37,2018-05-17 00:00:00.0000000
2017,Humphreys,Per 1,000 people,37,2018-05-17 00:00:00.0000000
2017,Humphreys,Total served,96,2018-05-17 00:00:00.0000000
2017,Jackson,Per 1,000 people,124,2018-05-17 00:00:00.0000000
2017,Jackson,Total served,300,2018-05-17 00:00:00.0000000
2017,Jefferson,Per 1,000 people,9,2018-05-17 00:00:00.0000000
2017,Jefferson,Total served,59,2018-05-17 00:00:00.0000000
2017,Johnson,Per 1,000 people,16,2018-05-17 00:00:00.0000000
2017,Johnson,Total served,63,2018-05-17 00:00:00.0000000
2017,Knox,Per 1,000 people,56,2018-05-17 00:00:00.0000000
2017,Knox,Total served,3326,2018-05-17 00:00:00.0000000
2017,Lake,Per 1,000 people,12,2018-05-17 00:00:00.0000000
2017,Lake,Total served,21,2018-05-17 00:00:00.0000000
2017,Lauderdale,Per 1,000 people,35,2018-05-17 00:00:00.0000000
2017,Lauderdale,Total served,179,2018-05-17 00:00:00.0000000
2017,Lawrence,Per 1,000 people,41,2018-05-17 00:00:00.0000000
2017,Lawrence,Total served,248,2018-05-17 00:00:00.0000000
2017,Lewis,Per 1,000 people,49,2018-05-17 00:00:00.0000000
2017,Lewis,Total served,92,2018-05-17 00:00:00.0000000
2017,Lincoln,Per 1,000 people,34,2018-05-17 00:00:00.0000000
2017,Lincoln,Total served,160,2018-05-17 00:00:00.0000000
2017,Loudon,Per 1,000 people,50,2018-05-17 00:00:00.0000000
2017,Loudon,Total served,254,2018-05-17 00:00:00.0000000
2017,Macon,Per 1,000 people,23,2018-05-17 00:00:00.0000000
2017,Macon,Total served,77,2018-05-17 00:00:00.0000000
2017,Madison,Per 1,000 people,34,2018-05-17 00:00:00.0000000
2017,Madison,Total served,480,2018-05-17 00:00:00.0000000
2017,Marion,Per 1,000 people,31,2018-05-17 00:00:00.0000000
2017,Marion,Total served,135,2018-05-17 00:00:00.0000000
2017,Marshall,Per 1,000 people,59,2018-05-17 00:00:00.0000000
2017,Marshall,Total served,214,2018-05-17 00:00:00.0000000
2017,Maury,Per 1,000 people,43,2018-05-17 00:00:00.0000000
2017,Maury,Total served,440,2018-05-17 00:00:00.0000000
2017,McMinn,Per 1,000 people,14,2018-05-17 00:00:00.0000000
2017,McMinn,Total served,116,2018-05-17 00:00:00.0000000
2017,McNairy,Per 1,000 people,11,2018-05-17 00:00:00.0000000
2017,McNairy,Total served,52,2018-05-17 00:00:00.0000000
2017,Meigs,Per 1,000 people,155,2018-05-17 00:00:00.0000000
2017,Meigs,Total served,292,2018-05-17 00:00:00.0000000
2017,Monroe,Per 1,000 people,38,2018-05-17 00:00:00.0000000
2017,Monroe,Total served,250,2018-05-17 00:00:00.0000000
2017,Montgomery,Per 1,000 people,1,2018-05-17 00:00:00.0000000
2017,Montgomery,Total served,14,2018-05-17 00:00:00.0000000
2017,Moore,Per 1,000 people,1990,2018-05-17 00:00:00.0000000
2017,Moore,Total served,1039,2018-05-17 00:00:00.0000000
2017,Morgan,Per 1,000 people,14,2018-05-17 00:00:00.0000000
2017,Morgan,Total served,61,2018-05-17 00:00:00.0000000
2017,Obion,Per 1,000 people,63,2018-05-17 00:00:00.0000000
2017,Obion,Total served,315,2018-05-17 00:00:00.0000000
2017,Overton,Per 1,000 people,23,2018-05-17 00:00:00.0000000
2017,Overton,Total served,81,2018-05-17 00:00:00.0000000
2017,Perry,Per 1,000 people,14,2018-05-17 00:00:00.0000000
2017,Perry,Total served,24,2018-05-17 00:00:00.0000000
2017,Pickett,Per 1,000 people,12,2018-05-17 00:00:00.0000000
2017,Pickett,Total served,9,2018-05-17 00:00:00.0000000
2017,Polk,Per 1,000 people,25,2018-05-17 00:00:00.0000000
2017,Polk,Total served,62,2018-05-17 00:00:00.0000000
2017,Putnam,Per 1,000 people,28,2018-05-17 00:00:00.0000000
2017,Putnam,Total served,412,2018-05-17 00:00:00.0000000
2017,Rhea,Per 1,000 people,41,2018-05-17 00:00:00.0000000
2017,Rhea,Total served,226,2018-05-17 00:00:00.0000000
2017,Roane,Per 1,000 people,37,2018-05-17 00:00:00.0000000
2017,Roane,Total served,259,2018-05-17 00:00:00.0000000
2017,Robertson,Per 1,000 people,44,2018-05-17 00:00:00.0000000
2017,Robertson,Total served,238,2018-05-17 00:00:00.0000000
2017,Rutherford,Per 1,000 people,25,2018-05-17 00:00:00.0000000
2017,Rutherford,Total served,745,2018-05-17 00:00:00.0000000
2017,Scott,Per 1,000 people,14,2018-05-17 00:00:00.0000000
2017,Scott,Total served,65,2018-05-17 00:00:00.0000000
2017,Sequatchie,Per 1,000 people,25,2018-05-17 00:00:00.0000000
2017,Sequatchie,Total served,49,2018-05-17 00:00:00.0000000
2017,Sevier,Per 1,000 people,38,2018-05-17 00:00:00.0000000
2017,Sevier,Total served,437,2018-05-17 00:00:00.0000000
2017,Shelby,Per 1,000 people,21,2018-05-17 00:00:00.0000000
2017,Shelby,Total served,2908,2018-05-17 00:00:00.0000000
2017,Smith,Per 1,000 people,20,2018-05-17 00:00:00.0000000
2017,Smith,Total served,50,2018-05-17 00:00:00.0000000
2017,Stewart,Per 1,000 people,25,2018-05-17 00:00:00.0000000
2017,Stewart,Total served,46,2018-05-17 00:00:00.0000000
2017,Sullivan,Per 1,000 people,41,2018-05-17 00:00:00.0000000
2017,Sullivan,Total served,860,2018-05-17 00:00:00.0000000
2017,Sumner,Per 1,000 people,42,2018-05-17 00:00:00.0000000
2017,Sumner,Total served,563,2018-05-17 00:00:00.0000000
2017,Tennessee,Per 1,000 people,5,2018-05-17 00:00:00.0000000
2017,Tennessee,Total served,29912,2018-05-17 00:00:00.0000000
2017,Tipton,Per 1,000 people,40,2018-05-17 00:00:00.0000000
2017,Tipton,Total served,256,2018-05-17 00:00:00.0000000
2017,Trousdale,Per 1,000 people,27,2018-05-17 00:00:00.0000000
2017,Trousdale,Total served,25,2018-05-17 00:00:00.0000000
2017,Unicoi,Per 1,000 people,20,2018-05-17 00:00:00.0000000
2017,Unicoi,Total served,61,2018-05-17 00:00:00.0000000
2017,Union,Per 1,000 people,46,2018-05-17 00:00:00.0000000
2017,Union,Total served,159,2018-05-17 00:00:00.0000000
2017,VanBuren,Per 1,000 people,41,2018-05-17 00:00:00.0000000
2017,VanBuren,Total served,33,2018-05-17 00:00:00.0000000
2017,Warren,Per 1,000 people,39,2018-05-17 00:00:00.0000000
2017,Warren,Total served,243,2018-05-17 00:00:00.0000000
2017,Washington,Per 1,000 people,34,2018-05-17 00:00:00.0000000
2017,Washington,Total served,594,2018-05-17 00:00:00.0000000
2017,Wayne,Per 1,000 people,27,2018-05-17 00:00:00.0000000
2017,Wayne,Total served,64,2018-05-17 00:00:00.0000000
2017,Weakley,Per 1,000 people,15,2018-05-17 00:00:00.0000000
2017,Weakley,Total served,80,2018-05-17 00:00:00.0000000
2017,White,Per 1,000 people,31,2018-05-17 00:00:00.0000000
2017,White,Total served,120,2018-05-17 00:00:00.0000000
2017,Williamson,Per 1,000 people,18,2018-05-17 00:00:00.0000000
2017,Williamson,Total served,160,2018-05-17 00:00:00.0000000
2017,Wilson,Per 1,000 people,30,2018-05-17 00:00:00.0000000
2017,Wilson,Total served,286,2018-05-17 00:00:00.0000000
