Category,Year,County,Value,LastReportedDate,
AmountPaid,2013,Anderson,59649.0000,2018-07-26
AmountPaid,2013,Bedford,355009.0000,2018-07-26
AmountPaid,2013,Benton,77443.0000,2018-07-26
AmountPaid,2013,Bledsoe,223848.0000,2018-07-26
AmountPaid,2013,Blount,95199.0000,2018-07-26
AmountPaid,2013,Bradley,105379.0000,2018-07-26
AmountPaid,2013,Campbell,34630.0000,2018-07-26
AmountPaid,2013,Cannon,250001.0000,2018-07-26
AmountPaid,2013,Carroll,142029.0000,2018-07-26
AmountPaid,2013,Carter,35582.0000,2018-07-26
AmountPaid,2013,Cheatham,57380.0000,2018-07-26
AmountPaid,2013,Chester,147328.0000,2018-07-26
AmountPaid,2013,Claiborne,229802.0000,2018-07-26
AmountPaid,2013,Clay,198876.0000,2018-07-26
AmountPaid,2013,Cocke,86043.0000,2018-07-26
AmountPaid,2013,Coffee,183345.0000,2018-07-26
AmountPaid,2013,Crockett,36281.0000,2018-07-26
AmountPaid,2013,Cumberland,83535.0000,2018-07-26
AmountPaid,2013,Davidson,27443.0000,2018-07-26
AmountPaid,2013,Decatur,128481.0000,2018-07-26
AmountPaid,2013,DeKalb,119482.0000,2018-07-26
AmountPaid,2013,Dickson,118002.0000,2018-07-26
AmountPaid,2013,Dyer,71827.0000,2018-07-26
AmountPaid,2013,Fayette,59674.0000,2018-07-26
AmountPaid,2013,Fentress,109396.0000,2018-07-26
AmountPaid,2013,Franklin,157865.0000,2018-07-26
AmountPaid,2013,Gibson,130332.0000,2018-07-26
AmountPaid,2013,Giles,195395.0000,2018-07-26
AmountPaid,2013,Grainger,328732.0000,2018-07-26
AmountPaid,2013,Greene,229362.0000,2018-07-26
AmountPaid,2013,Grundy,41929.0000,2018-07-26
AmountPaid,2013,Hamblen,93178.0000,2018-07-26
AmountPaid,2013,Hamilton,51932.0000,2018-07-26
AmountPaid,2013,Hancock,80495.0000,2018-07-26
AmountPaid,2013,Hardeman,114176.0000,2018-07-26
AmountPaid,2013,Hardin,116011.0000,2018-07-26
AmountPaid,2013,Hawkins,226625.0000,2018-07-26
AmountPaid,2013,Haywood,38940.0000,2018-07-26
AmountPaid,2013,Henderson,268469.0000,2018-07-26
AmountPaid,2013,Henry,126140.0000,2018-07-26
AmountPaid,2013,Hickman,128036.0000,2018-07-26
AmountPaid,2013,Houston,52549.0000,2018-07-26
AmountPaid,2013,Humphreys,117822.0000,2018-07-26
AmountPaid,2013,Jackson,32176.0000,2018-07-26
AmountPaid,2013,Jefferson,99194.0000,2018-07-26
AmountPaid,2013,Johnson,53206.0000,2018-07-26
AmountPaid,2013,Knox,87552.0000,2018-07-26
AmountPaid,2013,Lake,1200.0000,2018-07-26
AmountPaid,2013,Lauderdale,108421.0000,2018-07-26
AmountPaid,2013,Lawrence,378335.0000,2018-07-26
AmountPaid,2013,Lewis,17597.0000,2018-07-26
AmountPaid,2013,Lincoln,335035.0000,2018-07-26
AmountPaid,2013,Loudon,136954.0000,2018-07-26
AmountPaid,2013,Macon,280696.0000,2018-07-26
AmountPaid,2013,Madison,137835.0000,2018-07-26
AmountPaid,2013,Marion,48827.0000,2018-07-26
AmountPaid,2013,Marshall,146291.0000,2018-07-26
AmountPaid,2013,Maury,179346.0000,2018-07-26
AmountPaid,2013,McMinn,212540.0000,2018-07-26
AmountPaid,2013,McNairy,103777.0000,2018-07-26
AmountPaid,2013,Meigs,77094.0000,2018-07-26
AmountPaid,2013,Monroe,125140.0000,2018-07-26
AmountPaid,2013,Montgomery,205559.0000,2018-07-26
AmountPaid,2013,Moore,95207.0000,2018-07-26
AmountPaid,2013,Morgan,70905.0000,2018-07-26
AmountPaid,2013,Obion,88249.0000,2018-07-26
AmountPaid,2013,Overton,235635.0000,2018-07-26
AmountPaid,2013,Perry,52438.0000,2018-07-26
AmountPaid,2013,Pickett,83337.0000,2018-07-26
AmountPaid,2013,Polk,78187.0000,2018-07-26
AmountPaid,2013,Putnam,119073.0000,2018-07-26
AmountPaid,2013,Rhea,101222.0000,2018-07-26
AmountPaid,2013,Roane,60003.0000,2018-07-26
AmountPaid,2013,Robertson,239048.0000,2018-07-26
AmountPaid,2013,Rutherford,150410.0000,2018-07-26
AmountPaid,2013,Scott,29905.0000,2018-07-26
AmountPaid,2013,Sequatchie,50568.0000,2018-07-26
AmountPaid,2013,Sevier,62372.0000,2018-07-26
AmountPaid,2013,Shelby,19521.0000,2018-07-26
AmountPaid,2013,Smith,148395.0000,2018-07-26
AmountPaid,2013,Stewart,42260.0000,2018-07-26
AmountPaid,2013,Sullivan,144199.0000,2018-07-26
AmountPaid,2013,Sumner,108760.0000,2018-07-26
AmountPaid,2013,Tipton,53282.0000,2018-07-26
AmountPaid,2013,Trousdale,96757.0000,2018-07-26
AmountPaid,2013,Unicoi,2210.0000,2018-07-26
AmountPaid,2013,Union,43833.0000,2018-07-26
AmountPaid,2013,VanBuren,28025.0000,2018-07-26
AmountPaid,2013,Warren,324147.0000,2018-07-26
AmountPaid,2013,Washington,175888.0000,2018-07-26
AmountPaid,2013,Wayne,179958.0000,2018-07-26
AmountPaid,2013,Weakley,47458.0000,2018-07-26
AmountPaid,2013,White,300923.0000,2018-07-26
AmountPaid,2013,Williamson,108035.0000,2018-07-26
AmountPaid,2013,Wilson,253761.0000,2018-07-26
AmountPaid,2014,Anderson,76340.0000,2018-07-26
AmountPaid,2014,Bedford,317111.0000,2018-07-26
AmountPaid,2014,Benton,109458.0000,2018-07-26
AmountPaid,2014,Bledsoe,298875.0000,2018-07-26
AmountPaid,2014,Blount,108508.0000,2018-07-26
AmountPaid,2014,Bradley,177665.0000,2018-07-26
AmountPaid,2014,Campbell,31698.0000,2018-07-26
AmountPaid,2014,Cannon,237512.0000,2018-07-26
AmountPaid,2014,Carroll,120328.0000,2018-07-26
AmountPaid,2014,Carter,65776.0000,2018-07-26
AmountPaid,2014,Cheatham,108241.0000,2018-07-26
AmountPaid,2014,Chester,228861.0000,2018-07-26
AmountPaid,2014,Claiborne,293991.0000,2018-07-26
AmountPaid,2014,Clay,315545.0000,2018-07-26
AmountPaid,2014,Cocke,129155.0000,2018-07-26
AmountPaid,2014,Coffee,327476.0000,2018-07-26
AmountPaid,2014,Crockett,56833.0000,2018-07-26
AmountPaid,2014,Cumberland,148268.0000,2018-07-26
AmountPaid,2014,Davidson,19094.0000,2018-07-26
AmountPaid,2014,Decatur,216913.0000,2018-07-26
AmountPaid,2014,DeKalb,224442.0000,2018-07-26
AmountPaid,2014,Dickson,141453.0000,2018-07-26
AmountPaid,2014,Dyer,84544.0000,2018-07-26
AmountPaid,2014,Fayette,98723.0000,2018-07-26
AmountPaid,2014,Fentress,211352.0000,2018-07-26
AmountPaid,2014,Franklin,249665.0000,2018-07-26
AmountPaid,2014,Gibson,123525.0000,2018-07-26
AmountPaid,2014,Giles,307338.0000,2018-07-26
AmountPaid,2014,Grainger,327967.0000,2018-07-26
AmountPaid,2014,Greene,290342.0000,2018-07-26
AmountPaid,2014,Grundy,33512.0000,2018-07-26
AmountPaid,2014,Hamblen,114110.0000,2018-07-26
AmountPaid,2014,Hamilton,92119.0000,2018-07-26
AmountPaid,2014,Hancock,160940.0000,2018-07-26
AmountPaid,2014,Hardeman,140584.0000,2018-07-26
AmountPaid,2014,Hardin,208723.0000,2018-07-26
AmountPaid,2014,Hawkins,277374.0000,2018-07-26
AmountPaid,2014,Haywood,115256.0000,2018-07-26
AmountPaid,2014,Henderson,411717.0000,2018-07-26
AmountPaid,2014,Henry,190958.0000,2018-07-26
AmountPaid,2014,Hickman,164270.0000,2018-07-26
AmountPaid,2014,Houston,110020.0000,2018-07-26
AmountPaid,2014,Humphreys,226028.0000,2018-07-26
AmountPaid,2014,Jackson,64613.0000,2018-07-26
AmountPaid,2014,Jefferson,109479.0000,2018-07-26
AmountPaid,2014,Johnson,119085.0000,2018-07-26
AmountPaid,2014,Knox,140915.0000,2018-07-26
AmountPaid,2014,Lauderdale,85780.0000,2018-07-26
AmountPaid,2014,Lawrence,441705.0000,2018-07-26
AmountPaid,2014,Lewis,34074.0000,2018-07-26
AmountPaid,2014,Lincoln,552826.0000,2018-07-26
AmountPaid,2014,Loudon,115848.0000,2018-07-26
AmountPaid,2014,Macon,488832.0000,2018-07-26
AmountPaid,2014,Madison,128653.0000,2018-07-26
AmountPaid,2014,Marion,72694.0000,2018-07-26
AmountPaid,2014,Marshall,194573.0000,2018-07-26
AmountPaid,2014,Maury,349289.0000,2018-07-26
AmountPaid,2014,McMinn,271636.0000,2018-07-26
AmountPaid,2014,McNairy,123020.0000,2018-07-26
AmountPaid,2014,Meigs,113446.0000,2018-07-26
AmountPaid,2014,Monroe,217915.0000,2018-07-26
AmountPaid,2014,Montgomery,267282.0000,2018-07-26
AmountPaid,2014,Moore,169953.0000,2018-07-26
AmountPaid,2014,Morgan,93757.0000,2018-07-26
AmountPaid,2014,Obion,149134.0000,2018-07-26
AmountPaid,2014,Overton,423253.0000,2018-07-26
AmountPaid,2014,Perry,50751.0000,2018-07-26
AmountPaid,2014,Pickett,165482.0000,2018-07-26
AmountPaid,2014,Polk,96738.0000,2018-07-26
AmountPaid,2014,Putnam,203374.0000,2018-07-26
AmountPaid,2014,Rhea,99515.0000,2018-07-26
AmountPaid,2014,Roane,55082.0000,2018-07-26
AmountPaid,2014,Robertson,396518.0000,2018-07-26
AmountPaid,2014,Rutherford,262810.0000,2018-07-26
AmountPaid,2014,Scott,16622.0000,2018-07-26
AmountPaid,2014,Sequatchie,65526.0000,2018-07-26
AmountPaid,2014,Sevier,75199.0000,2018-07-26
AmountPaid,2014,Shelby,29829.0000,2018-07-26
AmountPaid,2014,Smith,226643.0000,2018-07-26
AmountPaid,2014,Stewart,71853.0000,2018-07-26
AmountPaid,2014,Sullivan,239351.0000,2018-07-26
AmountPaid,2014,Sumner,218646.0000,2018-07-26
AmountPaid,2014,Tipton,48664.0000,2018-07-26
AmountPaid,2014,Trousdale,171115.0000,2018-07-26
AmountPaid,2014,Unicoi,6001.0000,2018-07-26
AmountPaid,2014,Union,79595.0000,2018-07-26
AmountPaid,2014,VanBuren,102426.0000,2018-07-26
AmountPaid,2014,Warren,430501.0000,2018-07-26
AmountPaid,2014,Washington,225887.0000,2018-07-26
AmountPaid,2014,Wayne,334678.0000,2018-07-26
AmountPaid,2014,Weakley,127525.0000,2018-07-26
AmountPaid,2014,White,366263.0000,2018-07-26
AmountPaid,2014,Williamson,139360.0000,2018-07-26
AmountPaid,2014,Wilson,305680.0000,2018-07-26
AmountPaid,2015,Anderson,98242.0000,2018-07-26
AmountPaid,2015,Bedford,350912.0000,2018-07-26
AmountPaid,2015,Benton,98873.0000,2018-07-26
AmountPaid,2015,Bledsoe,319623.0000,2018-07-26
AmountPaid,2015,Blount,101371.0000,2018-07-26
AmountPaid,2015,Bradley,148086.0000,2018-07-26
AmountPaid,2015,Campbell,51949.0000,2018-07-26
AmountPaid,2015,Cannon,191763.0000,2018-07-26
AmountPaid,2015,Carroll,108758.0000,2018-07-26
AmountPaid,2015,Carter,78588.0000,2018-07-26
AmountPaid,2015,Cheatham,111912.0000,2018-07-26
AmountPaid,2015,Chester,160710.0000,2018-07-26
AmountPaid,2015,Claiborne,254377.0000,2018-07-26
AmountPaid,2015,Clay,292387.0000,2018-07-26
AmountPaid,2015,Cocke,112146.0000,2018-07-26
AmountPaid,2015,Coffee,269798.0000,2018-07-26
AmountPaid,2015,Crockett,64415.0000,2018-07-26
AmountPaid,2015,Cumberland,112581.0000,2018-07-26
AmountPaid,2015,Davidson,39726.0000,2018-07-26
AmountPaid,2015,Decatur,182036.0000,2018-07-26
AmountPaid,2015,DeKalb,215837.0000,2018-07-26
AmountPaid,2015,Dickson,151049.0000,2018-07-26
AmountPaid,2015,Dyer,135792.0000,2018-07-26
AmountPaid,2015,Fayette,70542.0000,2018-07-26
AmountPaid,2015,Fentress,175393.0000,2018-07-26
AmountPaid,2015,Franklin,265119.0000,2018-07-26
AmountPaid,2015,Gibson,208463.0000,2018-07-26
AmountPaid,2015,Giles,346003.0000,2018-07-26
AmountPaid,2015,Grainger,326381.0000,2018-07-26
AmountPaid,2015,Greene,370270.0000,2018-07-26
AmountPaid,2015,Grundy,56217.0000,2018-07-26
AmountPaid,2015,Hamblen,96659.0000,2018-07-26
AmountPaid,2015,Hamilton,71487.0000,2018-07-26
AmountPaid,2015,Hancock,141630.0000,2018-07-26
AmountPaid,2015,Hardeman,147341.0000,2018-07-26
AmountPaid,2015,Hardin,194452.0000,2018-07-26
AmountPaid,2015,Hawkins,248234.0000,2018-07-26
AmountPaid,2015,Haywood,44344.0000,2018-07-26
AmountPaid,2015,Henderson,299904.0000,2018-07-26
AmountPaid,2015,Henry,208991.0000,2018-07-26
AmountPaid,2015,Hickman,167035.0000,2018-07-26
AmountPaid,2015,Houston,98407.0000,2018-07-26
AmountPaid,2015,Humphreys,242648.0000,2018-07-26
AmountPaid,2015,Jackson,70088.0000,2018-07-26
AmountPaid,2015,Jefferson,103210.0000,2018-07-26
AmountPaid,2015,Johnson,110206.0000,2018-07-26
AmountPaid,2015,Knox,118999.0000,2018-07-26
AmountPaid,2015,Lauderdale,124413.0000,2018-07-26
AmountPaid,2015,Lawrence,493222.0000,2018-07-26
AmountPaid,2015,Lewis,25242.0000,2018-07-26
AmountPaid,2015,Lincoln,462626.0000,2018-07-26
AmountPaid,2015,Loudon,152979.0000,2018-07-26
AmountPaid,2015,Macon,397205.0000,2018-07-26
AmountPaid,2015,Madison,104743.0000,2018-07-26
AmountPaid,2015,Marion,109859.0000,2018-07-26
AmountPaid,2015,Marshall,250817.0000,2018-07-26
AmountPaid,2015,Maury,294747.0000,2018-07-26
AmountPaid,2015,McMinn,316234.0000,2018-07-26
AmountPaid,2015,McNairy,123230.0000,2018-07-26
AmountPaid,2015,Meigs,102376.0000,2018-07-26
AmountPaid,2015,Monroe,179264.0000,2018-07-26
AmountPaid,2015,Montgomery,263574.0000,2018-07-26
AmountPaid,2015,Moore,95136.0000,2018-07-26
AmountPaid,2015,Morgan,88360.0000,2018-07-26
AmountPaid,2015,Obion,133306.0000,2018-07-26
AmountPaid,2015,Overton,340003.0000,2018-07-26
AmountPaid,2015,Perry,68284.0000,2018-07-26
AmountPaid,2015,Pickett,162224.0000,2018-07-26
AmountPaid,2015,Polk,74725.0000,2018-07-26
AmountPaid,2015,Putnam,188325.0000,2018-07-26
AmountPaid,2015,Rhea,94581.0000,2018-07-26
AmountPaid,2015,Roane,51937.0000,2018-07-26
AmountPaid,2015,Robertson,458790.0000,2018-07-26
AmountPaid,2015,Rutherford,234846.0000,2018-07-26
AmountPaid,2015,Scott,39058.0000,2018-07-26
AmountPaid,2015,Sequatchie,65441.0000,2018-07-26
AmountPaid,2015,Sevier,67324.0000,2018-07-26
AmountPaid,2015,Shelby,33724.0000,2018-07-26
AmountPaid,2015,Smith,257555.0000,2018-07-26
AmountPaid,2015,Stewart,66732.0000,2018-07-26
AmountPaid,2015,Sullivan,213760.0000,2018-07-26
AmountPaid,2015,Sumner,233626.0000,2018-07-26
AmountPaid,2015,Tipton,66537.0000,2018-07-26
AmountPaid,2015,Trousdale,165729.0000,2018-07-26
AmountPaid,2015,Unicoi,7500.0000,2018-07-26
AmountPaid,2015,Union,95982.0000,2018-07-26
AmountPaid,2015,VanBuren,104206.0000,2018-07-26
AmountPaid,2015,Warren,532560.0000,2018-07-26
AmountPaid,2015,Washington,250880.0000,2018-07-26
AmountPaid,2015,Wayne,365215.0000,2018-07-26
AmountPaid,2015,Weakley,180019.0000,2018-07-26
AmountPaid,2015,White,326439.0000,2018-07-26
AmountPaid,2015,Williamson,199660.0000,2018-07-26
AmountPaid,2015,Wilson,350789.0000,2018-07-26
AmountPaid,2016,Anderson,74598.0000,2018-07-26
AmountPaid,2016,Bedford,309672.0000,2018-07-26
AmountPaid,2016,Benton,82469.0000,2018-07-26
AmountPaid,2016,Bledsoe,197074.0000,2018-07-26
AmountPaid,2016,Blount,82519.0000,2018-07-26
AmountPaid,2016,Bradley,136899.0000,2018-07-26
AmountPaid,2016,Campbell,62373.0000,2018-07-26
AmountPaid,2016,Cannon,212189.0000,2018-07-26
AmountPaid,2016,Carroll,122855.0000,2018-07-26
AmountPaid,2016,Carter,75256.0000,2018-07-26
AmountPaid,2016,Cheatham,81085.0000,2018-07-26
AmountPaid,2016,Chester,128884.0000,2018-07-26
AmountPaid,2016,Claiborne,247123.0000,2018-07-26
AmountPaid,2016,Clay,238602.0000,2018-07-26
AmountPaid,2016,Cocke,99427.0000,2018-07-26
AmountPaid,2016,Coffee,284561.0000,2018-07-26
AmountPaid,2016,Crockett,74310.0000,2018-07-26
AmountPaid,2016,Cumberland,118210.0000,2018-07-26
AmountPaid,2016,Davidson,22650.0000,2018-07-26
AmountPaid,2016,Decatur,165012.0000,2018-07-26
AmountPaid,2016,DeKalb,185874.0000,2018-07-26
AmountPaid,2016,Dickson,113628.0000,2018-07-26
AmountPaid,2016,Dyer,53490.0000,2018-07-26
AmountPaid,2016,Fayette,83144.0000,2018-07-26
AmountPaid,2016,Fentress,208623.0000,2018-07-26
AmountPaid,2016,Franklin,282715.0000,2018-07-26
AmountPaid,2016,Gibson,147534.0000,2018-07-26
AmountPaid,2016,Giles,339385.0000,2018-07-26
AmountPaid,2016,Grainger,309250.0000,2018-07-26
AmountPaid,2016,Greene,311959.0000,2018-07-26
AmountPaid,2016,Grundy,68316.0000,2018-07-26
AmountPaid,2016,Hamblen,88712.0000,2018-07-26
AmountPaid,2016,Hamilton,75310.0000,2018-07-26
AmountPaid,2016,Hancock,136787.0000,2018-07-26
AmountPaid,2016,Hardeman,128356.0000,2018-07-26
AmountPaid,2016,Hardin,161518.0000,2018-07-26
AmountPaid,2016,Hawkins,240879.0000,2018-07-26
AmountPaid,2016,Haywood,37338.0000,2018-07-26
AmountPaid,2016,Henderson,308871.0000,2018-07-26
AmountPaid,2016,Henry,177384.0000,2018-07-26
AmountPaid,2016,Hickman,129687.0000,2018-07-26
AmountPaid,2016,Houston,89784.0000,2018-07-26
AmountPaid,2016,Humphreys,186424.0000,2018-07-26
AmountPaid,2016,Jackson,76412.0000,2018-07-26
AmountPaid,2016,Jefferson,147855.0000,2018-07-26
AmountPaid,2016,Johnson,73181.0000,2018-07-26
AmountPaid,2016,Knox,72692.0000,2018-07-26
AmountPaid,2016,Lauderdale,88459.0000,2018-07-26
AmountPaid,2016,Lawrence,452128.0000,2018-07-26
AmountPaid,2016,Lewis,37604.0000,2018-07-26
AmountPaid,2016,Lincoln,400802.0000,2018-07-26
AmountPaid,2016,Loudon,98212.0000,2018-07-26
AmountPaid,2016,Macon,426976.0000,2018-07-26
AmountPaid,2016,Madison,97967.0000,2018-07-26
AmountPaid,2016,Marion,79766.0000,2018-07-26
AmountPaid,2016,Marshall,217284.0000,2018-07-26
AmountPaid,2016,Maury,288129.0000,2018-07-26
AmountPaid,2016,McMinn,209805.0000,2018-07-26
AmountPaid,2016,McNairy,112450.0000,2018-07-26
AmountPaid,2016,Meigs,88655.0000,2018-07-26
AmountPaid,2016,Monroe,207972.0000,2018-07-26
AmountPaid,2016,Montgomery,209463.0000,2018-07-26
AmountPaid,2016,Moore,72313.0000,2018-07-26
AmountPaid,2016,Morgan,51717.0000,2018-07-26
AmountPaid,2016,Obion,132313.0000,2018-07-26
AmountPaid,2016,Overton,280812.0000,2018-07-26
AmountPaid,2016,Perry,49719.0000,2018-07-26
AmountPaid,2016,Pickett,154876.0000,2018-07-26
AmountPaid,2016,Polk,86644.0000,2018-07-26
AmountPaid,2016,Putnam,165327.0000,2018-07-26
AmountPaid,2016,Rhea,80167.0000,2018-07-26
AmountPaid,2016,Roane,55418.0000,2018-07-26
AmountPaid,2016,Robertson,260142.0000,2018-07-26
AmountPaid,2016,Rutherford,271735.0000,2018-07-26
AmountPaid,2016,Scott,32487.0000,2018-07-26
AmountPaid,2016,Sequatchie,31032.0000,2018-07-26
AmountPaid,2016,Sevier,68747.0000,2018-07-26
AmountPaid,2016,Shelby,16936.0000,2018-07-26
AmountPaid,2016,Smith,287354.0000,2018-07-26
AmountPaid,2016,Stewart,53498.0000,2018-07-26
AmountPaid,2016,Sullivan,158589.0000,2018-07-26
AmountPaid,2016,Sumner,212378.0000,2018-07-26
AmountPaid,2016,Tipton,50482.0000,2018-07-26
AmountPaid,2016,Trousdale,107219.0000,2018-07-26
AmountPaid,2016,Unicoi,10166.0000,2018-07-26
AmountPaid,2016,Union,96447.0000,2018-07-26
AmountPaid,2016,VanBuren,83337.0000,2018-07-26
AmountPaid,2016,Warren,555229.0000,2018-07-26
AmountPaid,2016,Washington,256793.0000,2018-07-26
AmountPaid,2016,Wayne,379464.0000,2018-07-26
AmountPaid,2016,Weakley,98443.0000,2018-07-26
AmountPaid,2016,White,303251.0000,2018-07-26
AmountPaid,2016,Williamson,249014.0000,2018-07-26
AmountPaid,2016,Wilson,342504.0000,2018-07-26
AmountPaid,2017,Anderson,55652.0000,2018-07-26
AmountPaid,2017,Bedford,303571.0000,2018-07-26
AmountPaid,2017,Benton,91941.0000,2018-07-26
AmountPaid,2017,Bledsoe,208803.0000,2018-07-26
AmountPaid,2017,Blount,77796.0000,2018-07-26
AmountPaid,2017,Bradley,112811.0000,2018-07-26
AmountPaid,2017,Campbell,30128.0000,2018-07-26
AmountPaid,2017,Cannon,128921.0000,2018-07-26
AmountPaid,2017,Carroll,124508.0000,2018-07-26
AmountPaid,2017,Carter,46483.0000,2018-07-26
AmountPaid,2017,Cheatham,85890.0000,2018-07-26
AmountPaid,2017,Chester,97719.0000,2018-07-26
AmountPaid,2017,Claiborne,252318.0000,2018-07-26
AmountPaid,2017,Clay,184511.0000,2018-07-26
AmountPaid,2017,Cocke,89462.0000,2018-07-26
AmountPaid,2017,Coffee,209151.0000,2018-07-26
AmountPaid,2017,Crockett,57172.0000,2018-07-26
AmountPaid,2017,Cumberland,117429.0000,2018-07-26
AmountPaid,2017,Davidson,42356.0000,2018-07-26
AmountPaid,2017,Decatur,137124.0000,2018-07-26
AmountPaid,2017,DeKalb,171949.0000,2018-07-26
AmountPaid,2017,Dickson,106831.0000,2018-07-26
AmountPaid,2017,Dyer,49284.0000,2018-07-26
AmountPaid,2017,Fayette,71220.0000,2018-07-26
AmountPaid,2017,Fentress,179076.0000,2018-07-26
AmountPaid,2017,Franklin,307122.0000,2018-07-26
AmountPaid,2017,Gibson,131072.0000,2018-07-26
AmountPaid,2017,Giles,272412.0000,2018-07-26
AmountPaid,2017,Grainger,271175.0000,2018-07-26
AmountPaid,2017,Greene,429571.0000,2018-07-26
AmountPaid,2017,Grundy,53636.0000,2018-07-26
AmountPaid,2017,Hamblen,92912.0000,2018-07-26
AmountPaid,2017,Hamilton,56112.0000,2018-07-26
AmountPaid,2017,Hancock,127374.0000,2018-07-26
AmountPaid,2017,Hardeman,105263.0000,2018-07-26
AmountPaid,2017,Hardin,159214.0000,2018-07-26
AmountPaid,2017,Hawkins,239718.0000,2018-07-26
AmountPaid,2017,Haywood,37583.0000,2018-07-26
AmountPaid,2017,Henderson,225952.0000,2018-07-26
AmountPaid,2017,Henry,176730.0000,2018-07-26
AmountPaid,2017,Hickman,149360.0000,2018-07-26
AmountPaid,2017,Houston,78134.0000,2018-07-26
AmountPaid,2017,Humphreys,137767.0000,2018-07-26
AmountPaid,2017,Jackson,71097.0000,2018-07-26
AmountPaid,2017,Jefferson,98370.0000,2018-07-26
AmountPaid,2017,Johnson,52766.0000,2018-07-26
AmountPaid,2017,Knox,75041.0000,2018-07-26
AmountPaid,2017,Lake,7076.0000,2018-07-26
AmountPaid,2017,Lauderdale,41222.0000,2018-07-26
AmountPaid,2017,Lawrence,380398.0000,2018-07-26
AmountPaid,2017,Lewis,65775.0000,2018-07-26
AmountPaid,2017,Lincoln,372366.0000,2018-07-26
AmountPaid,2017,Loudon,99688.0000,2018-07-26
AmountPaid,2017,Macon,511999.0000,2018-07-26
AmountPaid,2017,Madison,95189.0000,2018-07-26
AmountPaid,2017,Marion,49198.0000,2018-07-26
AmountPaid,2017,Marshall,147842.0000,2018-07-26
AmountPaid,2017,Maury,254734.0000,2018-07-26
AmountPaid,2017,McMinn,199123.0000,2018-07-26
AmountPaid,2017,McNairy,98093.0000,2018-07-26
AmountPaid,2017,Meigs,40873.0000,2018-07-26
AmountPaid,2017,Monroe,152707.0000,2018-07-26
AmountPaid,2017,Montgomery,160941.0000,2018-07-26
AmountPaid,2017,Moore,84838.0000,2018-07-26
AmountPaid,2017,Morgan,38375.0000,2018-07-26
AmountPaid,2017,Obion,112216.0000,2018-07-26
AmountPaid,2017,Overton,211278.0000,2018-07-26
AmountPaid,2017,Perry,44869.0000,2018-07-26
AmountPaid,2017,Pickett,135458.0000,2018-07-26
AmountPaid,2017,Polk,45447.0000,2018-07-26
AmountPaid,2017,Putnam,157222.0000,2018-07-26
AmountPaid,2017,Rhea,67060.0000,2018-07-26
AmountPaid,2017,Roane,35579.0000,2018-07-26
AmountPaid,2017,Robertson,248970.0000,2018-07-26
AmountPaid,2017,Rutherford,236349.0000,2018-07-26
AmountPaid,2017,Scott,21160.0000,2018-07-26
AmountPaid,2017,Sequatchie,27772.0000,2018-07-26
AmountPaid,2017,Sevier,50422.0000,2018-07-26
AmountPaid,2017,Shelby,14867.0000,2018-07-26
AmountPaid,2017,Smith,242437.0000,2018-07-26
AmountPaid,2017,Stewart,74934.0000,2018-07-26
AmountPaid,2017,Sullivan,141517.0000,2018-07-26
AmountPaid,2017,Sumner,259696.0000,2018-07-26
AmountPaid,2017,Tipton,62891.0000,2018-07-26
AmountPaid,2017,Trousdale,109308.0000,2018-07-26
AmountPaid,2017,Unicoi,16796.0000,2018-07-26
AmountPaid,2017,Union,95360.0000,2018-07-26
AmountPaid,2017,VanBuren,105839.0000,2018-07-26
AmountPaid,2017,Warren,563539.0000,2018-07-26
AmountPaid,2017,Washington,207538.0000,2018-07-26
AmountPaid,2017,Wayne,346286.0000,2018-07-26
AmountPaid,2017,Weakley,116342.0000,2018-07-26
AmountPaid,2017,White,287578.0000,2018-07-26
AmountPaid,2017,Williamson,185368.0000,2018-07-26
AmountPaid,2017,Wilson,271241.0000,2018-07-26
AmountPaid,2018,Anderson,57118.0000,2018-07-26
AmountPaid,2018,Bedford,223962.0000,2018-07-26
AmountPaid,2018,Benton,38988.0000,2018-07-26
AmountPaid,2018,Bledsoe,184798.0000,2018-07-26
AmountPaid,2018,Blount,60649.0000,2018-07-26
AmountPaid,2018,Bradley,59704.0000,2018-07-26
AmountPaid,2018,Campbell,38109.0000,2018-07-26
AmountPaid,2018,Cannon,90630.0000,2018-07-26
AmountPaid,2018,Carroll,132494.0000,2018-07-26
AmountPaid,2018,Carter,63852.0000,2018-07-26
AmountPaid,2018,Cheatham,52789.0000,2018-07-26
AmountPaid,2018,Chester,63483.0000,2018-07-26
AmountPaid,2018,Claiborne,189027.0000,2018-07-26
AmountPaid,2018,Clay,132691.0000,2018-07-26
AmountPaid,2018,Cocke,41098.0000,2018-07-26
AmountPaid,2018,Coffee,211272.0000,2018-07-26
AmountPaid,2018,Crockett,55944.0000,2018-07-26
AmountPaid,2018,Cumberland,49549.0000,2018-07-26
AmountPaid,2018,Davidson,16668.0000,2018-07-26
AmountPaid,2018,Decatur,116534.0000,2018-07-26
AmountPaid,2018,DeKalb,186588.0000,2018-07-26
AmountPaid,2018,Dickson,124933.0000,2018-07-26
AmountPaid,2018,Dyer,70350.0000,2018-07-26
AmountPaid,2018,Fayette,58028.0000,2018-07-26
AmountPaid,2018,Fentress,147109.0000,2018-07-26
AmountPaid,2018,Franklin,130617.0000,2018-07-26
AmountPaid,2018,Gibson,48206.0000,2018-07-26
AmountPaid,2018,Giles,216455.0000,2018-07-26
AmountPaid,2018,Grainger,224198.0000,2018-07-26
AmountPaid,2018,Greene,279269.0000,2018-07-26
AmountPaid,2018,Grundy,37131.0000,2018-07-26
AmountPaid,2018,Hamblen,79125.0000,2018-07-26
AmountPaid,2018,Hamilton,36284.0000,2018-07-26
AmountPaid,2018,Hancock,93682.0000,2018-07-26
AmountPaid,2018,Hardeman,40395.0000,2018-07-26
AmountPaid,2018,Hardin,100737.0000,2018-07-26
AmountPaid,2018,Hawkins,169184.0000,2018-07-26
AmountPaid,2018,Haywood,20120.0000,2018-07-26
AmountPaid,2018,Henderson,141415.0000,2018-07-26
AmountPaid,2018,Henry,97439.0000,2018-07-26
AmountPaid,2018,Hickman,101374.0000,2018-07-26
AmountPaid,2018,Houston,75997.0000,2018-07-26
AmountPaid,2018,Humphreys,87515.0000,2018-07-26
AmountPaid,2018,Jackson,75675.0000,2018-07-26
AmountPaid,2018,Jefferson,101391.0000,2018-07-26
AmountPaid,2018,Johnson,56352.0000,2018-07-26
AmountPaid,2018,Knox,48163.0000,2018-07-26
AmountPaid,2018,Lauderdale,42636.0000,2018-07-26
AmountPaid,2018,Lawrence,294481.0000,2018-07-26
AmountPaid,2018,Lewis,57822.0000,2018-07-26
AmountPaid,2018,Lincoln,252882.0000,2018-07-26
AmountPaid,2018,Loudon,45571.0000,2018-07-26
AmountPaid,2018,Macon,205160.0000,2018-07-26
AmountPaid,2018,Madison,31064.0000,2018-07-26
AmountPaid,2018,Marion,76377.0000,2018-07-26
AmountPaid,2018,Marshall,176710.0000,2018-07-26
AmountPaid,2018,Maury,186716.0000,2018-07-26
AmountPaid,2018,McMinn,116351.0000,2018-07-26
AmountPaid,2018,McNairy,62271.0000,2018-07-26
AmountPaid,2018,Meigs,27454.0000,2018-07-26
AmountPaid,2018,Monroe,85146.0000,2018-07-26
AmountPaid,2018,Montgomery,105595.0000,2018-07-26
AmountPaid,2018,Moore,51146.0000,2018-07-26
AmountPaid,2018,Morgan,43243.0000,2018-07-26
AmountPaid,2018,Obion,80967.0000,2018-07-26
AmountPaid,2018,Overton,228247.0000,2018-07-26
AmountPaid,2018,Perry,46867.0000,2018-07-26
AmountPaid,2018,Pickett,129614.0000,2018-07-26
AmountPaid,2018,Polk,33563.0000,2018-07-26
AmountPaid,2018,Putnam,181347.0000,2018-07-26
AmountPaid,2018,Rhea,47701.0000,2018-07-26
AmountPaid,2018,Roane,34668.0000,2018-07-26
AmountPaid,2018,Robertson,171666.0000,2018-07-26
AmountPaid,2018,Rutherford,150473.0000,2018-07-26
AmountPaid,2018,Scott,13554.0000,2018-07-26
AmountPaid,2018,Sequatchie,33711.0000,2018-07-26
AmountPaid,2018,Sevier,46571.0000,2018-07-26
AmountPaid,2018,Shelby,12026.0000,2018-07-26
AmountPaid,2018,Smith,231541.0000,2018-07-26
AmountPaid,2018,Stewart,97277.0000,2018-07-26
AmountPaid,2018,Sullivan,134678.0000,2018-07-26
AmountPaid,2018,Sumner,262346.0000,2018-07-26
AmountPaid,2018,Tipton,55276.0000,2018-07-26
AmountPaid,2018,Trousdale,97895.0000,2018-07-26
AmountPaid,2018,Unicoi,10346.0000,2018-07-26
AmountPaid,2018,Union,80867.0000,2018-07-26
AmountPaid,2018,VanBuren,101150.0000,2018-07-26
AmountPaid,2018,Warren,449235.0000,2018-07-26
AmountPaid,2018,Washington,171043.0000,2018-07-26
AmountPaid,2018,Wayne,290875.0000,2018-07-26
AmountPaid,2018,Weakley,128672.0000,2018-07-26
AmountPaid,2018,White,217748.0000,2018-07-26
AmountPaid,2018,Williamson,135225.0000,2018-07-26
AmountPaid,2018,Wilson,228054.0000,2018-07-26
NumberPaid,2013,Anderson,152.0000,2018-07-26
NumberPaid,2013,Bedford,824.0000,2018-07-26
NumberPaid,2013,Benton,176.0000,2018-07-26
NumberPaid,2013,Bledsoe,608.0000,2018-07-26
NumberPaid,2013,Blount,248.0000,2018-07-26
NumberPaid,2013,Bradley,344.0000,2018-07-26
NumberPaid,2013,Campbell,112.0000,2018-07-26
NumberPaid,2013,Cannon,496.0000,2018-07-26
NumberPaid,2013,Carroll,208.0000,2018-07-26
NumberPaid,2013,Carter,128.0000,2018-07-26
NumberPaid,2013,Cheatham,136.0000,2018-07-26
NumberPaid,2013,Chester,216.0000,2018-07-26
NumberPaid,2013,Claiborne,648.0000,2018-07-26
NumberPaid,2013,Clay,496.0000,2018-07-26
NumberPaid,2013,Cocke,216.0000,2018-07-26
NumberPaid,2013,Coffee,416.0000,2018-07-26
NumberPaid,2013,Crockett,136.0000,2018-07-26
NumberPaid,2013,Cumberland,192.0000,2018-07-26
NumberPaid,2013,Davidson,80.0000,2018-07-26
NumberPaid,2013,Decatur,344.0000,2018-07-26
NumberPaid,2013,DeKalb,344.0000,2018-07-26
NumberPaid,2013,Dickson,376.0000,2018-07-26
NumberPaid,2013,Dyer,192.0000,2018-07-26
NumberPaid,2013,Fayette,176.0000,2018-07-26
NumberPaid,2013,Fentress,296.0000,2018-07-26
NumberPaid,2013,Franklin,392.0000,2018-07-26
NumberPaid,2013,Gibson,256.0000,2018-07-26
NumberPaid,2013,Giles,568.0000,2018-07-26
NumberPaid,2013,Grainger,872.0000,2018-07-26
NumberPaid,2013,Greene,688.0000,2018-07-26
NumberPaid,2013,Grundy,152.0000,2018-07-26
NumberPaid,2013,Hamblen,240.0000,2018-07-26
NumberPaid,2013,Hamilton,168.0000,2018-07-26
NumberPaid,2013,Hancock,344.0000,2018-07-26
NumberPaid,2013,Hardeman,224.0000,2018-07-26
NumberPaid,2013,Hardin,264.0000,2018-07-26
NumberPaid,2013,Hawkins,736.0000,2018-07-26
NumberPaid,2013,Haywood,64.0000,2018-07-26
NumberPaid,2013,Henderson,632.0000,2018-07-26
NumberPaid,2013,Henry,272.0000,2018-07-26
NumberPaid,2013,Hickman,400.0000,2018-07-26
NumberPaid,2013,Houston,144.0000,2018-07-26
NumberPaid,2013,Humphreys,272.0000,2018-07-26
NumberPaid,2013,Jackson,80.0000,2018-07-26
NumberPaid,2013,Jefferson,312.0000,2018-07-26
NumberPaid,2013,Johnson,224.0000,2018-07-26
NumberPaid,2013,Knox,232.0000,2018-07-26
NumberPaid,2013,Lake,8.0000,2018-07-26
NumberPaid,2013,Lauderdale,200.0000,2018-07-26
NumberPaid,2013,Lawrence,776.0000,2018-07-26
NumberPaid,2013,Lewis,64.0000,2018-07-26
NumberPaid,2013,Lincoln,808.0000,2018-07-26
NumberPaid,2013,Loudon,288.0000,2018-07-26
NumberPaid,2013,Macon,576.0000,2018-07-26
NumberPaid,2013,Madison,184.0000,2018-07-26
NumberPaid,2013,Marion,120.0000,2018-07-26
NumberPaid,2013,Marshall,368.0000,2018-07-26
NumberPaid,2013,Maury,424.0000,2018-07-26
NumberPaid,2013,McMinn,480.0000,2018-07-26
NumberPaid,2013,McNairy,208.0000,2018-07-26
NumberPaid,2013,Meigs,240.0000,2018-07-26
NumberPaid,2013,Monroe,376.0000,2018-07-26
NumberPaid,2013,Montgomery,576.0000,2018-07-26
NumberPaid,2013,Moore,224.0000,2018-07-26
NumberPaid,2013,Morgan,152.0000,2018-07-26
NumberPaid,2013,Obion,168.0000,2018-07-26
NumberPaid,2013,Overton,656.0000,2018-07-26
NumberPaid,2013,Perry,136.0000,2018-07-26
NumberPaid,2013,Pickett,264.0000,2018-07-26
NumberPaid,2013,Polk,136.0000,2018-07-26
NumberPaid,2013,Putnam,360.0000,2018-07-26
NumberPaid,2013,Rhea,344.0000,2018-07-26
NumberPaid,2013,Roane,200.0000,2018-07-26
NumberPaid,2013,Robertson,528.0000,2018-07-26
NumberPaid,2013,Rutherford,408.0000,2018-07-26
NumberPaid,2013,Scott,40.0000,2018-07-26
NumberPaid,2013,Sequatchie,112.0000,2018-07-26
NumberPaid,2013,Sevier,184.0000,2018-07-26
NumberPaid,2013,Shelby,48.0000,2018-07-26
NumberPaid,2013,Smith,424.0000,2018-07-26
NumberPaid,2013,Stewart,168.0000,2018-07-26
NumberPaid,2013,Sullivan,424.0000,2018-07-26
NumberPaid,2013,Sumner,360.0000,2018-07-26
NumberPaid,2013,Tipton,192.0000,2018-07-26
NumberPaid,2013,Trousdale,304.0000,2018-07-26
NumberPaid,2013,Unicoi,16.0000,2018-07-26
NumberPaid,2013,Union,120.0000,2018-07-26
NumberPaid,2013,VanBuren,160.0000,2018-07-26
NumberPaid,2013,Warren,752.0000,2018-07-26
NumberPaid,2013,Washington,472.0000,2018-07-26
NumberPaid,2013,Wayne,448.0000,2018-07-26
NumberPaid,2013,Weakley,192.0000,2018-07-26
NumberPaid,2013,White,704.0000,2018-07-26
NumberPaid,2013,Williamson,424.0000,2018-07-26
NumberPaid,2013,Wilson,784.0000,2018-07-26
NumberPaid,2014,Anderson,240.0000,2018-07-26
NumberPaid,2014,Bedford,984.0000,2018-07-26
NumberPaid,2014,Benton,232.0000,2018-07-26
NumberPaid,2014,Bledsoe,888.0000,2018-07-26
NumberPaid,2014,Blount,384.0000,2018-07-26
NumberPaid,2014,Bradley,472.0000,2018-07-26
NumberPaid,2014,Campbell,112.0000,2018-07-26
NumberPaid,2014,Cannon,640.0000,2018-07-26
NumberPaid,2014,Carroll,296.0000,2018-07-26
NumberPaid,2014,Carter,232.0000,2018-07-26
NumberPaid,2014,Cheatham,272.0000,2018-07-26
NumberPaid,2014,Chester,512.0000,2018-07-26
NumberPaid,2014,Claiborne,1080.0000,2018-07-26
NumberPaid,2014,Clay,800.0000,2018-07-26
NumberPaid,2014,Cocke,384.0000,2018-07-26
NumberPaid,2014,Coffee,648.0000,2018-07-26
NumberPaid,2014,Crockett,192.0000,2018-07-26
NumberPaid,2014,Cumberland,312.0000,2018-07-26
NumberPaid,2014,Davidson,80.0000,2018-07-26
NumberPaid,2014,Decatur,616.0000,2018-07-26
NumberPaid,2014,DeKalb,616.0000,2018-07-26
NumberPaid,2014,Dickson,528.0000,2018-07-26
NumberPaid,2014,Dyer,184.0000,2018-07-26
NumberPaid,2014,Fayette,280.0000,2018-07-26
NumberPaid,2014,Fentress,480.0000,2018-07-26
NumberPaid,2014,Franklin,600.0000,2018-07-26
NumberPaid,2014,Gibson,344.0000,2018-07-26
NumberPaid,2014,Giles,888.0000,2018-07-26
NumberPaid,2014,Grainger,1016.0000,2018-07-26
NumberPaid,2014,Greene,1008.0000,2018-07-26
NumberPaid,2014,Grundy,128.0000,2018-07-26
NumberPaid,2014,Hamblen,368.0000,2018-07-26
NumberPaid,2014,Hamilton,248.0000,2018-07-26
NumberPaid,2014,Hancock,536.0000,2018-07-26
NumberPaid,2014,Hardeman,360.0000,2018-07-26
NumberPaid,2014,Hardin,568.0000,2018-07-26
NumberPaid,2014,Hawkins,1056.0000,2018-07-26
NumberPaid,2014,Haywood,168.0000,2018-07-26
NumberPaid,2014,Henderson,984.0000,2018-07-26
NumberPaid,2014,Henry,440.0000,2018-07-26
NumberPaid,2014,Hickman,480.0000,2018-07-26
NumberPaid,2014,Houston,312.0000,2018-07-26
NumberPaid,2014,Humphreys,560.0000,2018-07-26
NumberPaid,2014,Jackson,216.0000,2018-07-26
NumberPaid,2014,Jefferson,376.0000,2018-07-26
NumberPaid,2014,Johnson,400.0000,2018-07-26
NumberPaid,2014,Knox,408.0000,2018-07-26
NumberPaid,2014,Lauderdale,240.0000,2018-07-26
NumberPaid,2014,Lawrence,1304.0000,2018-07-26
NumberPaid,2014,Lewis,120.0000,2018-07-26
NumberPaid,2014,Lincoln,1512.0000,2018-07-26
NumberPaid,2014,Loudon,352.0000,2018-07-26
NumberPaid,2014,Macon,1080.0000,2018-07-26
NumberPaid,2014,Madison,304.0000,2018-07-26
NumberPaid,2014,Marion,224.0000,2018-07-26
NumberPaid,2014,Marshall,600.0000,2018-07-26
NumberPaid,2014,Maury,792.0000,2018-07-26
NumberPaid,2014,McMinn,768.0000,2018-07-26
NumberPaid,2014,McNairy,336.0000,2018-07-26
NumberPaid,2014,Meigs,360.0000,2018-07-26
NumberPaid,2014,Monroe,568.0000,2018-07-26
NumberPaid,2014,Montgomery,768.0000,2018-07-26
NumberPaid,2014,Moore,432.0000,2018-07-26
NumberPaid,2014,Morgan,288.0000,2018-07-26
NumberPaid,2014,Obion,336.0000,2018-07-26
NumberPaid,2014,Overton,1176.0000,2018-07-26
NumberPaid,2014,Perry,224.0000,2018-07-26
NumberPaid,2014,Pickett,504.0000,2018-07-26
NumberPaid,2014,Polk,176.0000,2018-07-26
NumberPaid,2014,Putnam,680.0000,2018-07-26
NumberPaid,2014,Rhea,328.0000,2018-07-26
NumberPaid,2014,Roane,208.0000,2018-07-26
NumberPaid,2014,Robertson,968.0000,2018-07-26
NumberPaid,2014,Rutherford,656.0000,2018-07-26
NumberPaid,2014,Scott,40.0000,2018-07-26
NumberPaid,2014,Sequatchie,160.0000,2018-07-26
NumberPaid,2014,Sevier,240.0000,2018-07-26
NumberPaid,2014,Shelby,72.0000,2018-07-26
NumberPaid,2014,Smith,600.0000,2018-07-26
NumberPaid,2014,Stewart,192.0000,2018-07-26
NumberPaid,2014,Sullivan,656.0000,2018-07-26
NumberPaid,2014,Sumner,608.0000,2018-07-26
NumberPaid,2014,Tipton,152.0000,2018-07-26
NumberPaid,2014,Trousdale,592.0000,2018-07-26
NumberPaid,2014,Unicoi,32.0000,2018-07-26
NumberPaid,2014,Union,264.0000,2018-07-26
NumberPaid,2014,VanBuren,320.0000,2018-07-26
NumberPaid,2014,Warren,1008.0000,2018-07-26
NumberPaid,2014,Washington,728.0000,2018-07-26
NumberPaid,2014,Wayne,856.0000,2018-07-26
NumberPaid,2014,Weakley,336.0000,2018-07-26
NumberPaid,2014,White,1040.0000,2018-07-26
NumberPaid,2014,Williamson,512.0000,2018-07-26
NumberPaid,2014,Wilson,1096.0000,2018-07-26
NumberPaid,2015,Anderson,208.0000,2018-07-26
NumberPaid,2015,Bedford,880.0000,2018-07-26
NumberPaid,2015,Benton,184.0000,2018-07-26
NumberPaid,2015,Bledsoe,688.0000,2018-07-26
NumberPaid,2015,Blount,344.0000,2018-07-26
NumberPaid,2015,Bradley,360.0000,2018-07-26
NumberPaid,2015,Campbell,120.0000,2018-07-26
NumberPaid,2015,Cannon,472.0000,2018-07-26
NumberPaid,2015,Carroll,208.0000,2018-07-26
NumberPaid,2015,Carter,184.0000,2018-07-26
NumberPaid,2015,Cheatham,248.0000,2018-07-26
NumberPaid,2015,Chester,344.0000,2018-07-26
NumberPaid,2015,Claiborne,704.0000,2018-07-26
NumberPaid,2015,Clay,672.0000,2018-07-26
NumberPaid,2015,Cocke,320.0000,2018-07-26
NumberPaid,2015,Coffee,552.0000,2018-07-26
NumberPaid,2015,Crockett,192.0000,2018-07-26
NumberPaid,2015,Cumberland,264.0000,2018-07-26
NumberPaid,2015,Davidson,88.0000,2018-07-26
NumberPaid,2015,Decatur,520.0000,2018-07-26
NumberPaid,2015,DeKalb,512.0000,2018-07-26
NumberPaid,2015,Dickson,416.0000,2018-07-26
NumberPaid,2015,Dyer,272.0000,2018-07-26
NumberPaid,2015,Fayette,264.0000,2018-07-26
NumberPaid,2015,Fentress,464.0000,2018-07-26
NumberPaid,2015,Franklin,528.0000,2018-07-26
NumberPaid,2015,Gibson,392.0000,2018-07-26
NumberPaid,2015,Giles,880.0000,2018-07-26
NumberPaid,2015,Grainger,872.0000,2018-07-26
NumberPaid,2015,Greene,1016.0000,2018-07-26
NumberPaid,2015,Grundy,136.0000,2018-07-26
NumberPaid,2015,Hamblen,296.0000,2018-07-26
NumberPaid,2015,Hamilton,168.0000,2018-07-26
NumberPaid,2015,Hancock,352.0000,2018-07-26
NumberPaid,2015,Hardeman,368.0000,2018-07-26
NumberPaid,2015,Hardin,392.0000,2018-07-26
NumberPaid,2015,Hawkins,872.0000,2018-07-26
NumberPaid,2015,Haywood,96.0000,2018-07-26
NumberPaid,2015,Henderson,728.0000,2018-07-26
NumberPaid,2015,Henry,464.0000,2018-07-26
NumberPaid,2015,Hickman,432.0000,2018-07-26
NumberPaid,2015,Houston,240.0000,2018-07-26
NumberPaid,2015,Humphreys,432.0000,2018-07-26
NumberPaid,2015,Jackson,208.0000,2018-07-26
NumberPaid,2015,Jefferson,320.0000,2018-07-26
NumberPaid,2015,Johnson,400.0000,2018-07-26
NumberPaid,2015,Knox,320.0000,2018-07-26
NumberPaid,2015,Lauderdale,192.0000,2018-07-26
NumberPaid,2015,Lawrence,1024.0000,2018-07-26
NumberPaid,2015,Lewis,80.0000,2018-07-26
NumberPaid,2015,Lincoln,1112.0000,2018-07-26
NumberPaid,2015,Loudon,320.0000,2018-07-26
NumberPaid,2015,Macon,760.0000,2018-07-26
NumberPaid,2015,Madison,224.0000,2018-07-26
NumberPaid,2015,Marion,200.0000,2018-07-26
NumberPaid,2015,Marshall,576.0000,2018-07-26
NumberPaid,2015,Maury,736.0000,2018-07-26
NumberPaid,2015,McMinn,656.0000,2018-07-26
NumberPaid,2015,McNairy,304.0000,2018-07-26
NumberPaid,2015,Meigs,248.0000,2018-07-26
NumberPaid,2015,Monroe,408.0000,2018-07-26
NumberPaid,2015,Montgomery,600.0000,2018-07-26
NumberPaid,2015,Moore,320.0000,2018-07-26
NumberPaid,2015,Morgan,176.0000,2018-07-26
NumberPaid,2015,Obion,272.0000,2018-07-26
NumberPaid,2015,Overton,904.0000,2018-07-26
NumberPaid,2015,Perry,176.0000,2018-07-26
NumberPaid,2015,Pickett,384.0000,2018-07-26
NumberPaid,2015,Polk,152.0000,2018-07-26
NumberPaid,2015,Putnam,568.0000,2018-07-26
NumberPaid,2015,Rhea,264.0000,2018-07-26
NumberPaid,2015,Roane,240.0000,2018-07-26
NumberPaid,2015,Robertson,808.0000,2018-07-26
NumberPaid,2015,Rutherford,504.0000,2018-07-26
NumberPaid,2015,Scott,80.0000,2018-07-26
NumberPaid,2015,Sequatchie,160.0000,2018-07-26
NumberPaid,2015,Sevier,184.0000,2018-07-26
NumberPaid,2015,Shelby,80.0000,2018-07-26
NumberPaid,2015,Smith,704.0000,2018-07-26
NumberPaid,2015,Stewart,160.0000,2018-07-26
NumberPaid,2015,Sullivan,688.0000,2018-07-26
NumberPaid,2015,Sumner,552.0000,2018-07-26
NumberPaid,2015,Tipton,216.0000,2018-07-26
NumberPaid,2015,Trousdale,440.0000,2018-07-26
NumberPaid,2015,Unicoi,16.0000,2018-07-26
NumberPaid,2015,Union,256.0000,2018-07-26
NumberPaid,2015,VanBuren,248.0000,2018-07-26
NumberPaid,2015,Warren,1072.0000,2018-07-26
NumberPaid,2015,Washington,672.0000,2018-07-26
NumberPaid,2015,Wayne,784.0000,2018-07-26
NumberPaid,2015,Weakley,352.0000,2018-07-26
NumberPaid,2015,White,832.0000,2018-07-26
NumberPaid,2015,Williamson,504.0000,2018-07-26
NumberPaid,2015,Wilson,1032.0000,2018-07-26
NumberPaid,2016,Anderson,200.0000,2018-07-26
NumberPaid,2016,Bedford,952.0000,2018-07-26
NumberPaid,2016,Benton,200.0000,2018-07-26
NumberPaid,2016,Bledsoe,696.0000,2018-07-26
NumberPaid,2016,Blount,368.0000,2018-07-26
NumberPaid,2016,Bradley,432.0000,2018-07-26
NumberPaid,2016,Campbell,184.0000,2018-07-26
NumberPaid,2016,Cannon,544.0000,2018-07-26
NumberPaid,2016,Carroll,312.0000,2018-07-26
NumberPaid,2016,Carter,216.0000,2018-07-26
NumberPaid,2016,Cheatham,320.0000,2018-07-26
NumberPaid,2016,Chester,344.0000,2018-07-26
NumberPaid,2016,Claiborne,920.0000,2018-07-26
NumberPaid,2016,Clay,744.0000,2018-07-26
NumberPaid,2016,Cocke,384.0000,2018-07-26
NumberPaid,2016,Coffee,648.0000,2018-07-26
NumberPaid,2016,Crockett,152.0000,2018-07-26
NumberPaid,2016,Cumberland,312.0000,2018-07-26
NumberPaid,2016,Davidson,72.0000,2018-07-26
NumberPaid,2016,Decatur,600.0000,2018-07-26
NumberPaid,2016,DeKalb,552.0000,2018-07-26
NumberPaid,2016,Dickson,424.0000,2018-07-26
NumberPaid,2016,Dyer,208.0000,2018-07-26
NumberPaid,2016,Fayette,240.0000,2018-07-26
NumberPaid,2016,Fentress,640.0000,2018-07-26
NumberPaid,2016,Franklin,568.0000,2018-07-26
NumberPaid,2016,Gibson,432.0000,2018-07-26
NumberPaid,2016,Giles,1072.0000,2018-07-26
NumberPaid,2016,Grainger,912.0000,2018-07-26
NumberPaid,2016,Greene,1104.0000,2018-07-26
NumberPaid,2016,Grundy,168.0000,2018-07-26
NumberPaid,2016,Hamblen,320.0000,2018-07-26
NumberPaid,2016,Hamilton,232.0000,2018-07-26
NumberPaid,2016,Hancock,496.0000,2018-07-26
NumberPaid,2016,Hardeman,344.0000,2018-07-26
NumberPaid,2016,Hardin,464.0000,2018-07-26
NumberPaid,2016,Hawkins,1008.0000,2018-07-26
NumberPaid,2016,Haywood,104.0000,2018-07-26
NumberPaid,2016,Henderson,880.0000,2018-07-26
NumberPaid,2016,Henry,528.0000,2018-07-26
NumberPaid,2016,Hickman,504.0000,2018-07-26
NumberPaid,2016,Houston,328.0000,2018-07-26
NumberPaid,2016,Humphreys,536.0000,2018-07-26
NumberPaid,2016,Jackson,296.0000,2018-07-26
NumberPaid,2016,Jefferson,496.0000,2018-07-26
NumberPaid,2016,Johnson,304.0000,2018-07-26
NumberPaid,2016,Knox,280.0000,2018-07-26
NumberPaid,2016,Lauderdale,224.0000,2018-07-26
NumberPaid,2016,Lawrence,1224.0000,2018-07-26
NumberPaid,2016,Lewis,128.0000,2018-07-26
NumberPaid,2016,Lincoln,1136.0000,2018-07-26
NumberPaid,2016,Loudon,280.0000,2018-07-26
NumberPaid,2016,Macon,1008.0000,2018-07-26
NumberPaid,2016,Madison,256.0000,2018-07-26
NumberPaid,2016,Marion,272.0000,2018-07-26
NumberPaid,2016,Marshall,592.0000,2018-07-26
NumberPaid,2016,Maury,760.0000,2018-07-26
NumberPaid,2016,McMinn,616.0000,2018-07-26
NumberPaid,2016,McNairy,408.0000,2018-07-26
NumberPaid,2016,Meigs,216.0000,2018-07-26
NumberPaid,2016,Monroe,480.0000,2018-07-26
NumberPaid,2016,Montgomery,592.0000,2018-07-26
NumberPaid,2016,Moore,280.0000,2018-07-26
NumberPaid,2016,Morgan,216.0000,2018-07-26
NumberPaid,2016,Obion,400.0000,2018-07-26
NumberPaid,2016,Overton,976.0000,2018-07-26
NumberPaid,2016,Perry,152.0000,2018-07-26
NumberPaid,2016,Pickett,464.0000,2018-07-26
NumberPaid,2016,Polk,184.0000,2018-07-26
NumberPaid,2016,Putnam,616.0000,2018-07-26
NumberPaid,2016,Rhea,280.0000,2018-07-26
NumberPaid,2016,Roane,184.0000,2018-07-26
NumberPaid,2016,Robertson,736.0000,2018-07-26
NumberPaid,2016,Rutherford,616.0000,2018-07-26
NumberPaid,2016,Scott,72.0000,2018-07-26
NumberPaid,2016,Sequatchie,120.0000,2018-07-26
NumberPaid,2016,Sevier,240.0000,2018-07-26
NumberPaid,2016,Shelby,88.0000,2018-07-26
NumberPaid,2016,Smith,800.0000,2018-07-26
NumberPaid,2016,Stewart,184.0000,2018-07-26
NumberPaid,2016,Sullivan,640.0000,2018-07-26
NumberPaid,2016,Sumner,640.0000,2018-07-26
NumberPaid,2016,Tipton,216.0000,2018-07-26
NumberPaid,2016,Trousdale,424.0000,2018-07-26
NumberPaid,2016,Unicoi,40.0000,2018-07-26
NumberPaid,2016,Union,288.0000,2018-07-26
NumberPaid,2016,VanBuren,272.0000,2018-07-26
NumberPaid,2016,Warren,1248.0000,2018-07-26
NumberPaid,2016,Washington,848.0000,2018-07-26
NumberPaid,2016,Wayne,1040.0000,2018-07-26
NumberPaid,2016,Weakley,320.0000,2018-07-26
NumberPaid,2016,White,952.0000,2018-07-26
NumberPaid,2016,Williamson,624.0000,2018-07-26
NumberPaid,2016,Wilson,1160.0000,2018-07-26
NumberPaid,2017,Anderson,248.0000,2018-07-26
NumberPaid,2017,Bedford,1112.0000,2018-07-26
NumberPaid,2017,Benton,288.0000,2018-07-26
NumberPaid,2017,Bledsoe,744.0000,2018-07-26
NumberPaid,2017,Blount,440.0000,2018-07-26
NumberPaid,2017,Bradley,360.0000,2018-07-26
NumberPaid,2017,Campbell,216.0000,2018-07-26
NumberPaid,2017,Cannon,520.0000,2018-07-26
NumberPaid,2017,Carroll,432.0000,2018-07-26
NumberPaid,2017,Carter,232.0000,2018-07-26
NumberPaid,2017,Cheatham,296.0000,2018-07-26
NumberPaid,2017,Chester,376.0000,2018-07-26
NumberPaid,2017,Claiborne,960.0000,2018-07-26
NumberPaid,2017,Clay,832.0000,2018-07-26
NumberPaid,2017,Cocke,400.0000,2018-07-26
NumberPaid,2017,Coffee,696.0000,2018-07-26
NumberPaid,2017,Crockett,240.0000,2018-07-26
NumberPaid,2017,Cumberland,368.0000,2018-07-26
NumberPaid,2017,Davidson,128.0000,2018-07-26
NumberPaid,2017,Decatur,544.0000,2018-07-26
NumberPaid,2017,DeKalb,608.0000,2018-07-26
NumberPaid,2017,Dickson,504.0000,2018-07-26
NumberPaid,2017,Dyer,200.0000,2018-07-26
NumberPaid,2017,Fayette,280.0000,2018-07-26
NumberPaid,2017,Fentress,640.0000,2018-07-26
NumberPaid,2017,Franklin,672.0000,2018-07-26
NumberPaid,2017,Gibson,456.0000,2018-07-26
NumberPaid,2017,Giles,1136.0000,2018-07-26
NumberPaid,2017,Grainger,1000.0000,2018-07-26
NumberPaid,2017,Greene,1640.0000,2018-07-26
NumberPaid,2017,Grundy,160.0000,2018-07-26
NumberPaid,2017,Hamblen,408.0000,2018-07-26
NumberPaid,2017,Hamilton,272.0000,2018-07-26
NumberPaid,2017,Hancock,592.0000,2018-07-26
NumberPaid,2017,Hardeman,488.0000,2018-07-26
NumberPaid,2017,Hardin,552.0000,2018-07-26
NumberPaid,2017,Hawkins,1200.0000,2018-07-26
NumberPaid,2017,Haywood,88.0000,2018-07-26
NumberPaid,2017,Henderson,888.0000,2018-07-26
NumberPaid,2017,Henry,592.0000,2018-07-26
NumberPaid,2017,Hickman,480.0000,2018-07-26
NumberPaid,2017,Houston,328.0000,2018-07-26
NumberPaid,2017,Humphreys,544.0000,2018-07-26
NumberPaid,2017,Jackson,344.0000,2018-07-26
NumberPaid,2017,Jefferson,496.0000,2018-07-26
NumberPaid,2017,Johnson,272.0000,2018-07-26
NumberPaid,2017,Knox,240.0000,2018-07-26
NumberPaid,2017,Lake,8.0000,2018-07-26
NumberPaid,2017,Lauderdale,240.0000,2018-07-26
NumberPaid,2017,Lawrence,1336.0000,2018-07-26
NumberPaid,2017,Lewis,208.0000,2018-07-26
NumberPaid,2017,Lincoln,1424.0000,2018-07-26
NumberPaid,2017,Loudon,352.0000,2018-07-26
NumberPaid,2017,Macon,1632.0000,2018-07-26
NumberPaid,2017,Madison,232.0000,2018-07-26
NumberPaid,2017,Marion,200.0000,2018-07-26
NumberPaid,2017,Marshall,728.0000,2018-07-26
NumberPaid,2017,Maury,880.0000,2018-07-26
NumberPaid,2017,McMinn,576.0000,2018-07-26
NumberPaid,2017,McNairy,440.0000,2018-07-26
NumberPaid,2017,Meigs,224.0000,2018-07-26
NumberPaid,2017,Monroe,552.0000,2018-07-26
NumberPaid,2017,Montgomery,616.0000,2018-07-26
NumberPaid,2017,Moore,304.0000,2018-07-26
NumberPaid,2017,Morgan,160.0000,2018-07-26
NumberPaid,2017,Obion,432.0000,2018-07-26
NumberPaid,2017,Overton,1000.0000,2018-07-26
NumberPaid,2017,Perry,160.0000,2018-07-26
NumberPaid,2017,Pickett,528.0000,2018-07-26
NumberPaid,2017,Polk,184.0000,2018-07-26
NumberPaid,2017,Putnam,696.0000,2018-07-26
NumberPaid,2017,Rhea,280.0000,2018-07-26
NumberPaid,2017,Roane,224.0000,2018-07-26
NumberPaid,2017,Robertson,864.0000,2018-07-26
NumberPaid,2017,Rutherford,800.0000,2018-07-26
NumberPaid,2017,Scott,96.0000,2018-07-26
NumberPaid,2017,Sequatchie,112.0000,2018-07-26
NumberPaid,2017,Sevier,272.0000,2018-07-26
NumberPaid,2017,Shelby,72.0000,2018-07-26
NumberPaid,2017,Smith,912.0000,2018-07-26
NumberPaid,2017,Stewart,272.0000,2018-07-26
NumberPaid,2017,Sullivan,688.0000,2018-07-26
NumberPaid,2017,Sumner,768.0000,2018-07-26
NumberPaid,2017,Tipton,320.0000,2018-07-26
NumberPaid,2017,Trousdale,528.0000,2018-07-26
NumberPaid,2017,Unicoi,80.0000,2018-07-26
NumberPaid,2017,Union,352.0000,2018-07-26
NumberPaid,2017,VanBuren,400.0000,2018-07-26
NumberPaid,2017,Warren,1408.0000,2018-07-26
NumberPaid,2017,Washington,864.0000,2018-07-26
NumberPaid,2017,Wayne,1224.0000,2018-07-26
NumberPaid,2017,Weakley,368.0000,2018-07-26
NumberPaid,2017,White,992.0000,2018-07-26
NumberPaid,2017,Williamson,568.0000,2018-07-26
NumberPaid,2017,Wilson,1096.0000,2018-07-26
NumberPaid,2018,Anderson,264.0000,2018-07-26
NumberPaid,2018,Bedford,1304.0000,2018-07-26
NumberPaid,2018,Benton,232.0000,2018-07-26
NumberPaid,2018,Bledsoe,1040.0000,2018-07-26
NumberPaid,2018,Blount,408.0000,2018-07-26
NumberPaid,2018,Bradley,456.0000,2018-07-26
NumberPaid,2018,Campbell,192.0000,2018-07-26
NumberPaid,2018,Cannon,504.0000,2018-07-26
NumberPaid,2018,Carroll,432.0000,2018-07-26
NumberPaid,2018,Carter,312.0000,2018-07-26
NumberPaid,2018,Cheatham,280.0000,2018-07-26
NumberPaid,2018,Chester,272.0000,2018-07-26
NumberPaid,2018,Claiborne,1064.0000,2018-07-26
NumberPaid,2018,Clay,760.0000,2018-07-26
NumberPaid,2018,Cocke,360.0000,2018-07-26
NumberPaid,2018,Coffee,792.0000,2018-07-26
NumberPaid,2018,Crockett,264.0000,2018-07-26
NumberPaid,2018,Cumberland,256.0000,2018-07-26
NumberPaid,2018,Davidson,88.0000,2018-07-26
NumberPaid,2018,Decatur,592.0000,2018-07-26
NumberPaid,2018,DeKalb,800.0000,2018-07-26
NumberPaid,2018,Dickson,664.0000,2018-07-26
NumberPaid,2018,Dyer,288.0000,2018-07-26
NumberPaid,2018,Fayette,384.0000,2018-07-26
NumberPaid,2018,Fentress,656.0000,2018-07-26
NumberPaid,2018,Franklin,816.0000,2018-07-26
NumberPaid,2018,Gibson,408.0000,2018-07-26
NumberPaid,2018,Giles,1240.0000,2018-07-26
NumberPaid,2018,Grainger,952.0000,2018-07-26
NumberPaid,2018,Greene,1768.0000,2018-07-26
NumberPaid,2018,Grundy,208.0000,2018-07-26
NumberPaid,2018,Hamblen,384.0000,2018-07-26
NumberPaid,2018,Hamilton,264.0000,2018-07-26
NumberPaid,2018,Hancock,600.0000,2018-07-26
NumberPaid,2018,Hardeman,384.0000,2018-07-26
NumberPaid,2018,Hardin,552.0000,2018-07-26
NumberPaid,2018,Hawkins,1224.0000,2018-07-26
NumberPaid,2018,Haywood,88.0000,2018-07-26
NumberPaid,2018,Henderson,784.0000,2018-07-26
NumberPaid,2018,Henry,608.0000,2018-07-26
NumberPaid,2018,Hickman,520.0000,2018-07-26
NumberPaid,2018,Houston,360.0000,2018-07-26
NumberPaid,2018,Humphreys,512.0000,2018-07-26
NumberPaid,2018,Jackson,432.0000,2018-07-26
NumberPaid,2018,Jefferson,552.0000,2018-07-26
NumberPaid,2018,Johnson,384.0000,2018-07-26
NumberPaid,2018,Knox,352.0000,2018-07-26
NumberPaid,2018,Lauderdale,312.0000,2018-07-26
NumberPaid,2018,Lawrence,1400.0000,2018-07-26
NumberPaid,2018,Lewis,184.0000,2018-07-26
NumberPaid,2018,Lincoln,1600.0000,2018-07-26
NumberPaid,2018,Loudon,296.0000,2018-07-26
NumberPaid,2018,Macon,1360.0000,2018-07-26
NumberPaid,2018,Madison,232.0000,2018-07-26
NumberPaid,2018,Marion,256.0000,2018-07-26
NumberPaid,2018,Marshall,808.0000,2018-07-26
NumberPaid,2018,Maury,928.0000,2018-07-26
NumberPaid,2018,McMinn,712.0000,2018-07-26
NumberPaid,2018,McNairy,480.0000,2018-07-26
NumberPaid,2018,Meigs,184.0000,2018-07-26
NumberPaid,2018,Monroe,520.0000,2018-07-26
NumberPaid,2018,Montgomery,712.0000,2018-07-26
NumberPaid,2018,Moore,288.0000,2018-07-26
NumberPaid,2018,Morgan,248.0000,2018-07-26
NumberPaid,2018,Obion,392.0000,2018-07-26
NumberPaid,2018,Overton,1168.0000,2018-07-26
NumberPaid,2018,Perry,224.0000,2018-07-26
NumberPaid,2018,Pickett,704.0000,2018-07-26
NumberPaid,2018,Polk,184.0000,2018-07-26
NumberPaid,2018,Putnam,832.0000,2018-07-26
NumberPaid,2018,Rhea,280.0000,2018-07-26
NumberPaid,2018,Roane,232.0000,2018-07-26
NumberPaid,2018,Robertson,856.0000,2018-07-26
NumberPaid,2018,Rutherford,792.0000,2018-07-26
NumberPaid,2018,Scott,88.0000,2018-07-26
NumberPaid,2018,Sequatchie,184.0000,2018-07-26
NumberPaid,2018,Sevier,304.0000,2018-07-26
NumberPaid,2018,Shelby,72.0000,2018-07-26
NumberPaid,2018,Smith,1200.0000,2018-07-26
NumberPaid,2018,Stewart,360.0000,2018-07-26
NumberPaid,2018,Sullivan,800.0000,2018-07-26
NumberPaid,2018,Sumner,992.0000,2018-07-26
NumberPaid,2018,Tipton,312.0000,2018-07-26
NumberPaid,2018,Trousdale,592.0000,2018-07-26
NumberPaid,2018,Unicoi,80.0000,2018-07-26
NumberPaid,2018,Union,384.0000,2018-07-26
NumberPaid,2018,VanBuren,488.0000,2018-07-26
NumberPaid,2018,Warren,1544.0000,2018-07-26
NumberPaid,2018,Washington,912.0000,2018-07-26
NumberPaid,2018,Wayne,1384.0000,2018-07-26
NumberPaid,2018,Weakley,472.0000,2018-07-26
NumberPaid,2018,White,1176.0000,2018-07-26
NumberPaid,2018,Williamson,728.0000,2018-07-26
NumberPaid,2018,Wilson,1328.0000,2018-07-26
